-- phpMyAdmin SQL Dump
-- version 4.1.14
-- http://www.phpmyadmin.net
--
-- Host: 127.0.0.1
-- Generation Time: Sep 14, 2018 at 11:43 PM
-- Server version: 5.6.17-log
-- PHP Version: 5.5.12

SET SQL_MODE = "NO_AUTO_VALUE_ON_ZERO";
SET time_zone = "+00:00";


/*!40101 SET @OLD_CHARACTER_SET_CLIENT=@@CHARACTER_SET_CLIENT */;
/*!40101 SET @OLD_CHARACTER_SET_RESULTS=@@CHARACTER_SET_RESULTS */;
/*!40101 SET @OLD_COLLATION_CONNECTION=@@COLLATION_CONNECTION */;
/*!40101 SET NAMES utf8 */;

--
-- Database: `loans`
--

-- --------------------------------------------------------

--
-- Table structure for table `clients`
--

CREATE TABLE IF NOT EXISTS `clients` (
  `id` char(15) NOT NULL,
  `client_names` char(50) NOT NULL,
  `contacts` char(15) NOT NULL,
  `email` varchar(100) NOT NULL,
  `residence` char(50) NOT NULL,
  `occupation` char(50) NOT NULL,
  `regDate` date NOT NULL,
  `age` date NOT NULL,
  `gender` char(10) NOT NULL,
  `status` char(2) NOT NULL,
  `application_fee` int(20) NOT NULL,
  PRIMARY KEY (`id`)
) ENGINE=InnoDB DEFAULT CHARSET=latin1;

--
-- Dumping data for table `clients`
--

INSERT INTO `clients` (`id`, `client_names`, `contacts`, `email`, `residence`, `occupation`, `regDate`, `age`, `gender`, `status`, `application_fee`) VALUES
('101455', 'Kamwenge Charles', '0772873342', '', 'Kibimba', 'Businessman', '2018-09-07', '1984-07-09', 'Male', '01', 0),
('104394', 'Asiimu Group Co.Ltd', '0772824146', '', 'Muhorro', 'Businessman', '2018-09-08', '1981-02-15', 'Male', '01', 0),
('106509', 'Tugume Silver', '0775817675/0700', '', 'Kitumba', 'Clinical officer', '2018-09-07', '1992-12-11', 'Male', '01', 0),
('108706', 'Kaganda Fredda', '0774118657', '', 'Kyenjojo', 'Loans Officer', '2018-09-07', '1986-09-27', 'Female', '01', 0),
('108761', 'Rugumayo Brian Manyindo', '0772658622/0702', '', 'Rubingo', 'Accountant', '2018-09-07', '1984-10-05', 'Male', '01', 0),
('116040', 'Asiimwe Samuel', '0774079922/0700', '', 'Humura', 'Businessman', '2018-09-07', '1988-07-10', 'Male', '01', 0),
('117633', 'Ndemezo Emmanuel', '0775060675', '', 'Nyabukara', 'Bailiff', '2018-09-08', '1982-11-08', 'Male', '01', 0),
('121780', 'Kyobutungi Gorret', '0701045588/0787', '', 'Njara', 'Businesswoman', '2018-09-07', '1988-09-25', 'Female', '01', 0),
('138479', 'Kakyo Brendah Manyindo', '0781094057/0704', '', 'Mukubo', 'Banker', '2018-09-07', '1984-08-05', 'Female', '01', 0),
('142214', 'Kembabazi Martha', '0772611673', '', 'Bukwali', 'Businesswoman', '2018-09-07', '1980-08-10', 'Female', '01', 0),
('144110', 'Mayombo Jackson', '0772389388', '', 'Mucwa', 'Businessman', '2018-09-08', '1962-02-04', 'Male', '01', 0),
('145840', 'Kabaliisa Margret', '0778769336/0781', '', 'Bukwali', 'Businesswoman', '2018-09-07', '1988-02-23', 'Female', '01', 0),
('147790', 'Musinguzi Jay', '0785534683', '', 'Saaka', 'Businessman', '2018-09-08', '1989-05-21', 'Male', '01', 0),
('149081', 'Balinda Judith Abwooli', '0782169298/0700', '', 'Bukwali', 'self employed', '2018-09-07', '2018-09-07', 'Female', '01', 0),
('152185', 'Rubongoya Richard', '0772399405', '', 'Kitumba', 'Businessman', '2018-09-07', '1983-01-13', 'Male', '01', 0),
('160369', 'Mbabazi Stellah', '0779091878', '', 'Kiculeta', 'Businessman', '2018-09-08', '1988-02-14', 'Female', '01', 0),
('162814', 'Kahunde Irene', '0788200601', '', 'Bwera Bukwali', 'Businesswoman', '2018-09-07', '1974-01-01', 'Female', '01', 0),
('163995', 'Basaija Mohammed', '0772858414', '', 'Kitumba', 'Businesswoman', '2018-09-07', '1955-09-11', 'Male', '01', 0),
('166467', 'Kabarole Hillside school', '', '', 'Harukooto', '', '2018-09-07', '0000-00-00', '--Select--', '01', 0),
('166632', 'Mbabazi Esther', '0787600122', '', 'Kyenjojo', 'Businessman', '2018-09-08', '1987-02-14', 'Female', '01', 0),
('168197', 'Kaddu Edward', '0784545221', '', 'Rwengoma', 'Businessman', '2018-09-07', '1967-04-12', 'Male', '01', 0),
('170779', 'Kajumba Jackline', '0782582400/0758', '', 'Kyegegwa', 'Businesswoman', '2018-09-07', '1987-09-06', 'Female', '01', 0),
('173773', 'Kajoina Margret', '0786367292/0705', '', 'Bukwali', 'Businesswoman', '2018-09-07', '1977-09-25', 'Female', '01', 0),
('178414', 'Kabasinguzi Robinah', '0773794135', '', 'Kaihokwa', 'Businesswoman', '2018-09-07', '1984-03-05', 'Female', '01', 0),
('181463', 'Musinguzi Geofrey', '0774738700', '', 'Kibimba', 'Driver', '2018-09-07', '2018-09-07', 'Male', '01', 0),
('183468', 'Kazooba Peter', '0772449241', '', 'Boma', 'Businessman', '2018-09-07', '1970-09-11', 'Male', '01', 0),
('185006', 'Musinguzi Eva Nyakato', '0772426254', '', 'Nyabukara', 'Businessman', '2018-09-08', '1968-12-22', 'Female', '01', 0),
('188934', 'Tumwebaze Gladys', '0756224120/0773', '', 'Kagote', 'Businesswoman', '2018-09-07', '1990-09-03', 'Female', '01', 0),
('191131', 'Kasaija Micheal', '0772903911', '', 'Kyabukonkoni', 'Businessman', '2018-09-08', '1982-12-19', 'Male', '01', 0),
('198931', 'Kembabazi Martha', '0772611673', '', 'Bukwali', 'Businesswoman', '2018-09-07', '1980-08-10', 'Female', '01', 0),
('200057', 'Sabiiti Tom', '0773792032/0704', '', 'Namugongo', 'Procurement officer', '2018-09-07', '1987-07-31', 'Male', '01', 0),
('206732', 'Habomugusha Emmanuel', '0772650848/', '', 'Buteebe', 'Businessman', '2018-09-07', '1960-09-04', 'Male', '01', 0),
('217828', 'Mayeku Jude', '0771842181/0773', '', 'Kisenyi', 'Businessman', '2018-09-07', '1990-09-03', 'Male', '01', 0),
('220932', 'Byaruhanga Adolf Tibeyalirwa', '0782294440', '', 'Kyabukonkoni', 'Accountant', '2018-09-12', '1978-03-06', 'Male', '01', 0),
('225189', 'Asiimwe Richard', '0782991178', '', 'Kyamukerege', 'Businessman', '2018-09-07', '1980-07-20', 'Male', '01', 0),
('227633', 'Rwakigumba Jotham', '0772887046', '', 'Binanata kitumba', 'Businessman', '2018-09-07', '1956-02-13', 'Male', '01', 0),
('233703', 'Asiimwe Dicklerk', '0772566581', '', 'Kyenjojo', 'Businessman', '2018-09-07', '1980-04-14', 'Male', '01', 0),
('240872', 'Birungi Stephen', '0779594204/0701', '', 'Njara', 'Businessman', '2018-09-07', '2018-09-07', 'Male', '01', 0),
('243234', 'Ben Manyindo Ruyonga', '0782806074/0702', '', 'Munyonyo', 'Engineer', '2018-09-07', '1970-05-02', 'Male', '01', 0),
('243646', 'Kalyebara Francis', '0782454191', '', 'Harukoto', 'Auditor', '2018-09-08', '1982-09-08', 'Male', '01', 0),
('251638', 'Twikirize Samuel', '0775120972', '', 'Kagote', 'Businessman', '2018-09-08', '1987-04-11', 'Male', '01', 0),
('262762', 'Byaruhanga Denis', '0782159798/0705', '', 'fort portal town', 'Banker', '2018-09-07', '1983-05-08', 'Male', '01', 0),
('263833', 'Musebeni Juiius Denis', '0772873375', '', 'Kyenjojo', 'Businessman', '2018-09-07', '1976-09-14', 'Male', '01', 0),
('264794', 'Katabaazi John', '0772586393', '', 'Bulyanyenje', 'Businessman', '2018-09-07', '2018-09-07', 'Male', '01', 0),
('267623', 'Aisha Juma', '0751414823', '', 'Njara', 'Businesswoman', '2018-09-07', '1980-09-03', 'Female', '01', 0),
('269573', 'Sabiiti Stephen', '0783539596', '', 'Nyabukara', 'Businessman', '2018-09-08', '1967-06-06', 'Male', '01', 0),
('269683', 'Mugabe Robert', '0772033352', '', 'Kibiito', 'Businessman', '2018-09-08', '1984-11-05', 'Male', '01', 0),
('269903', 'Achom Susan', '0774117081/0701', '', 'Kampala', 'Businesswoman', '2018-09-08', '1973-06-04', 'Female', '01', 0),
('270947', 'Kansiime Rose', '0788646780', '', 'Kitumba', 'Businesswoman', '2018-09-07', '2018-09-07', 'Female', '01', 0),
('274929', 'Kunihira Rose', '0774439860', '', 'Humura', 'Businesswoman', '2018-09-07', '1983-04-26', 'Female', '01', 0),
('275753', 'Musinguzi Charles Byoma', '0774090653', '', 'Buteebe', 'Businessman', '2018-09-08', '1973-05-08', 'Male', '01', 0),
('281329', 'Tuhaise Christopher', '0783790602', '', 'Kasuusu', 'Driver', '2018-09-07', '1983-07-18', 'Male', '01', 0),
('284213', 'Busobozi Edson', '0776260839', '', 'Harubaho', 'Businessman', '2018-09-07', '0000-00-00', 'Male', '01', 0),
('289541', 'Kakyo Halima', '0785527860', '', 'Njara', 'Businesswoman', '2018-09-07', '1980-09-05', 'Female', '01', 0),
('289624', 'Mugumya Robert', '0772361544', '', 'Kyenjojo', 'Businessman', '2018-09-07', '1973-09-13', 'Male', '01', 0),
('300225', 'Twesige Jude', '0772931451/0704', '', 'Nyakagongo', 'Businessman', '2018-09-08', '1983-03-14', 'Male', '01', 0),
('303192', 'Mwesige John', '0782088885/0702', '', 'Kaihura', 'Veterinary Doctor', '2018-09-07', '1991-10-03', 'Male', '01', 0),
('318820', 'Guma Ben', '0701186044', '', 'Kyenjojo', 'Businessman', '2018-09-07', '1980-12-12', 'Male', '01', 0),
('321401', 'Kembabazi Caroline', '0777592675', '', 'Nyakagongo', 'Nurse', '2018-09-07', '1989-04-24', 'Female', '01', 0),
('323297', 'Tumwebaze Gladys', '0756224120/0773', '', 'Kagote', 'Businesswoman', '2018-09-07', '1990-09-03', 'Female', '01', 0),
('324066', 'Karungi Grace Night', '0700677164', '', 'Kisenyi', 'Businesswoman', '2018-09-07', '1988-03-06', 'Female', '01', 0),
('327554', 'Kabahuma Teopista', '0701712141', '', 'Bukwali', 'Banker', '2018-09-08', '1969-04-17', 'Female', '01', 0),
('335162', 'Bagonza Stephen', '0702139189/0775', '', 'Kyongera', 'Businessman', '2018-09-07', '1985-07-08', 'Male', '01', 0),
('343127', 'Muhumuza Stephen', '0772618198/0702', '', 'Kyenjojo', 'Businessman', '2018-09-07', '1969-01-01', 'Male', '01', 0),
('346752', 'Assmat Juma', '0782783085/0753', '', 'Njara', 'Businesswoman', '2018-09-07', '1985-04-26', 'Female', '01', 0),
('350378', 'Kasande Paul Drake', '0772482683', '', 'Gweri Kadaali', 'Farmer', '2018-09-08', '1968-02-21', 'Male', '01', 0),
('358590', 'Kajobe Asha', '0772982404/0751', '', 'Kitumba', 'Businesswoman', '2018-09-07', '1977-04-03', 'Female', '01', 0),
('359579', 'Kanweri Moreen', '0785537976/0703', '', 'Kitumba', 'Businesswoman', '2018-09-07', '2018-09-07', 'Female', '01', 0),
('370016', 'Kanweri Oliva', '0783203589', '', 'Bukwali', 'Businesswoman', '2018-09-07', '2018-09-07', 'Female', '01', 0),
('373532', 'Kajoina Rose', '0774597775', '', 'Kagote', 'Businesswoman', '2018-09-07', '1951-09-18', 'Female', '01', 0),
('377459', 'Kushemererwa Irine', '0702902341', '', 'Kyenjojo', 'Businesswoman', '2018-09-07', '1970-11-03', 'Female', '01', 0),
('384985', 'Mpuuga Sailas', '0786740369', '', 'Kasuusu', 'Businessman', '2018-09-08', '1990-05-06', 'Male', '01', 0),
('388034', 'Bingi John', '0775123307', '', 'Ruhandika Street', 'Businessman', '2018-09-08', '1984-08-15', 'Male', '01', 0),
('388473', 'Asiimwe Julius', '0772171665', '', 'Kyenjojo', 'Teacher', '2018-09-08', '1986-06-14', 'Male', '01', 0),
('393637', 'Kusemererwa jimmy', '0772826451', '', 'Mugoma', 'Businessman', '2018-09-07', '1980-12-28', 'Male', '01', 0),
('394515', 'Musinguzi Paul', '0782426090/0704', '', 'Kiculeta', 'Businessman', '2018-09-07', '1984-01-27', 'Male', '01', 0),
('400997', 'Mbabazi Gladys', '0775786020', '', 'Booma East', 'Secritary', '2018-09-07', '1980-09-03', 'Female', '01', 0),
('403442', 'Kiiza John', '0774225145', '', 'Kyenjojo', 'Businessman', '2018-09-07', '1990-04-17', 'Male', '01', 0),
('405117', 'Nyarukoma ss', '0774407847', 'nyarukoma@gmail.com', 'Kyenjojo', 'School', '2018-09-07', '0000-00-00', '--Select--', '01', 0),
('407946', 'RUBRIMA Africa Ltd', '0772658622/0702', '', 'Kyenjojo', 'Businessman', '2018-09-08', '1984-04-08', 'Male', '01', 0),
('423959', 'Asiimwe Ibrahim', '0777307635', '', 'Kyenjojo', 'Businessman', '2018-09-07', '1970-12-10', 'Male', '01', 0),
('425854', 'Mwesige Michael', '0774003637', '', 'Karambi', 'Businessman', '2018-09-08', '1965-05-16', 'Male', '01', 0),
('426568', 'Marunga Beth', '0776825624', '', 'Rwengoma', 'Businesswoman', '2018-09-07', '1977-06-22', 'Female', '01', 0),
('432254', 'Waako Chris Mugarra', '0772339486', '', 'Mugunu', 'Businessman', '2018-09-07', '1968-04-13', 'Male', '01', 0),
('436621', 'Kadoma Joseph', '0776753052/0704', '', 'Kyenjojo', 'Human Resource officer', '2018-09-07', '1978-03-13', 'Male', '01', 0),
('436868', 'Serapio Magambo Kisembo', '0772858570', '', 'Busoro', 'Businessman', '2018-09-08', '1968-09-08', 'Male', '01', 0),
('437692', 'Mujuni Enos', '0772330035', '', 'Kiko', 'Businessman', '2018-09-08', '1970-05-05', 'Male', '01', 0),
('438708', 'Asiimwe Charles', '0782362982', '', 'Kahinju', 'Teacher', '2018-09-07', '1970-09-19', 'Male', '01', 0),
('451535', 'Muhumuza Joseph', '0775123307', '', 'Kyenjojo', 'Businessman', '2018-09-08', '1984-02-14', 'Male', '01', 0),
('456918', 'Daystar 12 Co Ltd', '0774145803', '', 'Bukwali', 'Contractor', '2018-09-07', '2012-09-10', 'Male', '01', 0),
('460928', 'Baguma Mathias', '0772612476', '', 'Kyenjojo', 'Businessman', '2018-09-07', '1990-09-12', 'Male', '01', 0),
('463345', 'Isingoma Robert', '0778465616/0758', '', 'Kyenjojo', 'Businessman', '2018-09-07', '2018-09-07', 'Male', '01', 0),
('468069', 'Akugizibwe Joshua', '0779660421', '', 'Kiculeta', 'Businessman', '2018-09-08', '1988-05-08', 'Male', '01', 0),
('477572', 'Tuhaise Geofry Rwaheru', '0782952369', '', 'Kitumba', 'Businessman', '2018-09-07', '2018-09-07', 'Male', '01', 0),
('481802', 'Mugisha Julius', '0702485241', '', 'Kyenjojo', 'Businessman', '2018-09-07', '1959-09-04', 'Male', '01', 0),
('483010', 'Kansiime Juliet Mary', '0772523405', '', 'Musandika', 'Businesswoman', '2018-09-07', '1977-07-17', 'Female', '01', 0),
('484109', 'Baguma Kato Christopher', '0778555702', '', 'Harubaho', 'Businessman', '2018-09-07', '1970-09-01', 'Male', '01', 0),
('488339', 'Mugabi Simon Peter', '0775123307', '', 'Kyenjojo', 'Businessman', '2018-09-08', '1980-09-16', 'Male', '01', 0),
('488476', 'Friday Pelusi Bwango', '0782870600/0705', '', 'Nyakagongo', 'Businesswoman', '2018-09-07', '1976-08-24', 'Female', '01', 0),
('494601', 'Tusiime Titus', '0772482014', '', 'Harubaho', 'Engineer', '2018-09-07', '1983-04-04', 'Male', '01', 0),
('495040', 'Asaba Grace', '0702161781/0784', '', 'Kitumba', 'Businesswoman', '2018-09-07', '1986-09-20', 'Female', '01', 0),
('503198', 'Tuhaise Edwin', '0779677256', '', 'Ruhandika Street', 'Businessman', '2018-09-07', '1985-09-09', 'Male', '01', 0),
('519705', 'Muhumuza John', '0775123307', '', 'Kyenjojo', 'Businessman', '2018-09-08', '1980-09-21', 'Male', '01', 0),
('520584', 'Tugumisirize Amminadab', '0788443033/0757', '', 'Harubaho', 'self employed', '2018-09-07', '1970-09-19', 'Male', '01', 0),
('529483', 'Nyakaisiki Janeffer', '', '', 'Harukoto', 'Businesswoman', '2018-09-08', '1975-03-04', 'Female', '01', 0),
('530224', 'Arinaitwe Evelyne', '0779092322', '', 'Kagote', 'Cahier', '2018-09-07', '1985-09-13', 'Female', '01', 0),
('542337', 'Kabuleta Brown William', '0787835462', '', 'Harukoto', 'Businessman', '2018-09-07', '1962-06-06', 'Male', '01', 0),
('543600', 'Linda Joseline', '0783499231', '', 'Kijura', 'Businesswoman', '2018-09-07', '1970-09-03', 'Female', '01', 0),
('548187', 'Muganzi Ronald', '0706638337', '', 'Kyenjojo', 'Driver', '2018-09-07', '1987-07-22', 'Male', '01', 0),
('551785', 'Tukamushaba Richard', '0772570927/0756', '', 'Kisenyi', 'Businessman', '2018-09-07', '1969-09-20', 'Male', '01', 0),
('555767', 'Gumisiriza Henry', '0703954578/0776', '', 'Bugunda', 'Businessman', '2018-09-08', '1970-06-10', 'Male', '01', 0),
('558157', 'Mukugize Stephen', '0772996232', '', 'Kicwamba', 'Teacher', '2018-09-07', '1970-09-05', 'Male', '01', 0),
('558486', 'Mwijuka Louis', '0775123307', '', 'Kitumba', 'Businessman', '2018-09-07', '1982-02-09', 'Male', '01', 0),
('573016', 'Kaunda Ravens', '0772658622/0702', '', 'Kyenjojo', 'Driver', '2018-09-08', '1970-10-05', 'Male', '01', 0),
('576147', 'Ssengendo Chris', '0782007324', '', 'Kampala', 'Insurer', '2018-09-08', '1983-05-16', 'Male', '01', 0),
('578482', 'Busobozi Robert', '0782577357', '', 'Kahinju', 'Businessman', '2018-09-07', '1970-09-12', 'Male', '01', 0),
('585211', 'Asaba Kajoina Eva', '0780406675', '', 'Boma', 'Businesswoman', '2018-09-07', '1965-11-08', 'Female', '01', 0),
('585458', 'Nsungwa Florence', '0772931283/0757', '', 'Njara', 'Businesswoman', '2018-09-07', '1976-09-27', 'Female', '01', 0),
('586584', 'Tusiime Catherine', '0778741019', '', 'Kyenjojo', 'Businessman', '2018-09-08', '1983-03-08', 'Female', '01', 0),
('589633', 'Mugabo Kellen Nyarusweka', '0785523101', '', 'Mugusu', 'Teacher', '2018-09-08', '1973-01-21', 'Female', '01', 0),
('592929', 'Mwesige George Sharp', '0772473242', '', 'Ibonde', 'Businessman', '2018-09-08', '1960-02-29', 'Male', '01', 0),
('594906', 'Kahunde Mary Gorret', '0782330572', '', 'Kyakaigo', 'Farmer', '2018-09-07', '1984-04-16', 'Female', '01', 0),
('596389', 'Businge Kwebiiha Swithen', '0782898973/0701', '', 'Boma', 'Bursar', '2018-09-07', '1975-09-19', 'Male', '01', 0),
('597708', 'Othieno John', '0788148470/0756', '', 'Kachwamba', 'Businessman', '2018-09-07', '1990-04-11', 'Male', '01', 0),
('621740', 'Happy Adolf', '0789761042', '', 'Kasunga', 'Businessman', '2018-09-08', '1988-03-21', 'Male', '01', 0),
('623910', 'Kabarwani Sarah', '0787043551/0751', '', 'Harukoto', 'Businesswoman', '2018-09-07', '1986-09-04', 'Female', '01', 0),
('628277', 'Baguma Moses', '0772478214', '', 'Nyabukara', 'Teacher', '2018-09-07', '1980-07-06', 'Male', '01', 0),
('638385', 'Banura Rose Wamala', '0782872902', '', 'Butangwa', 'Teacher', '2018-09-07', '1976-11-21', 'Female', '01', 0),
('640197', 'Buheesi SS', '0772874003', '', 'Buheesi', 'Educationist', '2018-09-07', '2018-09-07', 'Female', '01', 0),
('642779', 'Bright Emmanuel Costa', '0782896573', '', 'Kahungabunyonyi', 'Businessman', '2018-09-07', '1982-09-07', 'Male', '01', 0),
('644317', 'Winyi Jim', '0774053678/0700', '', 'Booma East', 'Businessman', '2018-09-07', '1982-09-19', 'Male', '01', 0),
('645855', 'Makibwe Job', '0772801182', '', 'Booma East', 'Credit manager', '2018-09-07', '0000-00-00', 'Male', '01', 0),
('647174', 'Basaija Nelson', '0774447959', '', 'Bukwali', 'Auditor', '2018-09-08', '1983-01-24', 'Male', '01', 0),
('652914', 'Muhumuza Tom', '0776277238', '', 'Kachwamba', 'Labour officer', '2018-09-08', '1981-03-15', 'Male', '01', 0),
('662390', 'Rwakihembo John', '0774611497/0701', '', 'Ruteete', 'Auditor', '2018-09-07', '1985-04-09', 'Male', '01', 0),
('666290', 'Mwesige Lucky Patrick', '0701573033', '', 'Bukwali', 'Businessman', '2018-09-07', '1975-09-25', '--Select--', '01', 0),
('669970', 'Kajoina Agnes', '0772096745', '', 'Bukwali', 'Businesswoman', '2018-09-07', '2018-09-07', 'Female', '01', 0),
('675354', 'Koburungi Carolyn', '0773112154/0703', '', 'kikiike', 'Agricultural officer', '2018-09-07', '1987-06-20', 'Female', '01', 0),
('679199', 'Kobusinge Betty', '0771311479/0704', '', 'Kasuusu', 'Businesswoman', '2018-09-07', '1983-04-05', 'Female', '01', 0),
('680764', 'Kamugisha Akleo', '0772473598/0702', '', 'Kahunga Bunyonyi', 'Mechanic', '2018-09-07', '1968-12-29', 'Male', '01', 0),
('681478', 'Twesige Timber Dealers Ltd/ Twesige Expedito', '0775123307', '', 'Entebbe', 'Businessman', '2018-09-08', '1962-03-27', 'Male', '01', 0),
('684225', 'Komuhendo Harriet', '0772387660', '', 'Kachwamba', 'Businesswoman', '2018-09-07', '1987-09-08', 'Female', '01', 0),
('690625', 'Karungi Harriet', '0777857269/0756', '', 'Rwengoma', 'Businesswoman', '2018-09-07', '1992-09-04', 'Female', '01', 0),
('702050', 'Nakabugo Noeline', '0772968588', '', 'Kagadi', 'Loans Officer', '2018-09-08', '1985-11-13', 'Female', '01', 0),
('704852', 'Mugisa Joseph', '0782744835', '', 'Ruteete', 'Teacher', '2018-09-07', '1986-07-13', 'Male', '01', 0),
('706170', 'Baharagate Joseph', '0782993881', '', 'Bukwali', 'Businessman', '2018-09-07', '1981-09-18', 'Male', '01', 0),
('718859', 'Ssemwanga Douglas', '0779414299', '', 'Maguru', 'Businessman', '2018-09-08', '1979-02-06', 'Male', '01', 0),
('724133', 'Tukahiirwa Brian', '0700330213', '', 'Karugutu', 'Businessman', '2018-09-07', '1990-09-03', 'Male', '01', 0),
('727291', 'Muzigiti Geofrey', '0774644801/0752', '', 'Kagote', 'Lecture', '2018-09-07', '1984-09-06', 'Male', '01', 0),
('732098', 'Bakuraira Linus', '0784314385', '', 'Ihani B', 'Teacher', '2018-09-07', '1990-05-04', 'Male', '01', 0),
('735971', 'Kabataizibwa Harriet Geraldine', '0789036086/0705', '', 'Harugongo', 'Farmer', '2018-09-07', '0000-00-00', 'Female', '01', 0),
('742919', 'Komuhendo Jackline', '0775111580', '', 'Kaihokwa', 'Businesswoman', '2018-09-07', '1985-08-14', 'Female', '01', 0),
('755856', 'Banura Jolly', '0772096467/0778', '', 'Rwengoma', 'Businesswoman', '2018-09-07', '2018-09-07', 'Female', '01', 0),
('757641', 'Nyamutale Kabuzi Wilson', '0782543171', '', 'Rugombe', 'Businessman', '2018-09-08', '1970-11-14', 'Male', '01', 0),
('757943', 'Rubiibi Samuel', '0783570431', '', 'Kyenjojo', 'Driver', '2018-09-08', '1968-03-08', 'Male', '01', 0),
('758547', 'Mugabe K Robert', '0772454636/0703', '', 'Bukwali', 'Businessman', '2018-09-07', '1980-08-10', 'Male', '01', 0),
('776318', 'Taremwa Bruce', '0774394726', '', 'Kisenyi', 'Businessman', '2018-09-07', '0000-00-00', 'Male', '01', 0),
('778845', 'Kushererwa Irene', '0702902341', '', 'Entebbe', 'Businessman', '2018-09-13', '1978-07-11', 'Female', '01', 0),
('786563', 'Mwandara Charles', '0392124578', '', 'Kaihura', 'Businessman', '2018-09-08', '1988-01-23', 'Male', '01', 0),
('788540', 'Mugisa Charles Kasisa Ronald', '0772603669', '', 'Kasuusu', 'Farmer', '2018-09-08', '1963-03-13', 'Male', '01', 0),
('788623', 'Basaija Clovice Monday', '0772633078/0701', '', 'Kiko', 'Businessman', '2018-09-07', '0000-00-00', 'Male', '01', 0),
('789859', 'Ayebale Dianah', '0779073270/0700', '', 'Kitumba', 'Businesswoman', '2018-09-07', '1985-07-19', 'Female', '01', 0),
('789968', 'Muhumuza Adolf', '0783909690', '', 'Kasiina', 'Clinical officer', '2018-09-08', '1989-08-04', 'Male', '01', 0),
('790820', 'Katalihwa Donald', '0772920709', '', 'Kyenjojo', 'Businessman', '2018-09-07', '1980-08-11', 'Male', '01', 0),
('792028', 'Paddy Alituha Nyaruhuma', '0772336758', '', 'Namugongo', 'Contractor', '2018-09-07', '1984-07-27', 'Male', '01', 0),
('794281', 'Mwesigwa Mathew', '0775461239', '', 'Booma East', 'Businessman', '2018-09-07', '1990-06-04', 'Male', '01', 0),
('798840', 'Kemigabo Doreen', '0774407634', '', 'Kahunga Bunyonyi', 'Businessman', '2018-09-08', '1986-07-09', 'Female', '01', 0),
('811337', 'Birungi David Musana', '0775623468', '', 'Kyenjojo', 'Businessman', '2018-09-08', '1988-02-15', 'Male', '01', 0),
('812216', 'Musana Alex', '0782503469', '', 'Kitumba', 'Businessman', '2018-09-07', '1966-09-20', 'Male', '01', 0),
('812600', 'Isagaara Nyakaana', '0772485840', '', 'Maguru', 'Businessman', '2018-09-08', '1964-04-10', 'Male', '01', 0),
('815402', 'Birungi Polly Lawrence', '0772418969/0752', '', 'Harukoto', 'Businessman', '2018-09-07', '1964-07-01', 'Male', '01', 0),
('823394', 'Alituha Michael', '0775636081', '', 'Kisenyi', 'Businessman', '2018-09-07', '1980-09-19', 'Male', '01', 0),
('824630', 'Katusabe Job Tusiime', '0777206481', '', 'Kyenjojo', 'Farmer', '2018-09-08', '1980-04-08', 'Male', '01', 0),
('829629', 'Katuramu Janet Emily', '0775060377/0700', '', 'Kyenjojo', 'Businesswoman', '2018-09-07', '1990-08-12', 'Male', '01', 0),
('834902', 'SOCO', '0752463094', '', 'fort portal town', 'Clinical school', '2018-09-13', '1978-07-11', 'Male', '01', 0),
('845642', 'Zubeda Mohammed', '0778765869', '', 'Njara', 'Businesswoman', '2018-09-07', '1970-07-12', 'Female', '01', 0),
('850173', 'Ruhundwa Solomon', '0774204653/0701', '', 'Kibimba', 'Auditor', '2018-09-07', '1983-08-14', 'Male', '01', 0),
('854705', 'Katusabe Mastulah', '0774182317/0795', '', 'Harubaho', 'Businesswoman', '2018-09-07', '1980-05-05', 'Female', '01', 0),
('864154', 'Kobusinge Ritah Lyomoki', '0759980669', '', 'Kagote', 'Hair dresser', '2018-09-07', '1990-09-03', 'Female', '01', 0),
('864923', 'Komwiswa Rogers', '0774117081/0701', '', 'Najeera', 'Insurer', '2018-09-07', '1986-10-28', 'Male', '01', 0),
('873767', 'Mbabazi Janiffer', '0782843816', '', 'Kitumba', 'Hair dresser', '2018-09-07', '1979-09-28', 'Female', '01', 0),
('875085', 'Nyangoma Betty', '0787860679', '', 'east division', 'Hair dresser', '2018-09-07', '1985-09-21', 'Female', '01', 0),
('877941', 'Byamugisha Julius', '0772852856', '', 'Kyenjojo', 'Businessman', '2018-09-07', '1980-09-19', 'Male', '01', 0),
('886840', 'Akugizibwe Lawrence', '0771630545/0701', '', 'Kyenjojo', 'Businessman', '2018-09-07', '1985-07-14', 'Male', '01', 0),
('889093', 'Kajumba Mary', '0781228795', '', 'Bukwali', 'Businessman', '2018-09-07', '1997-09-19', 'Female', '01', 0),
('890576', 'Nagujja Bena', '0782396716', '', 'Futi butangwa', 'Businesswoman', '2018-09-08', '1986-09-14', 'Male', '01', 0),
('897634', 'Nyakaisiki Nuriati', '0779775384/0702', '', 'Bukwali', 'Businesswoman', '2018-09-07', '1956-01-12', 'Female', '01', 0),
('904061', 'Muzinduki Bob', '0702339389', '', 'Bunga', 'Businessman', '2018-09-07', '1975-09-19', 'Male', '01', 0),
('909500', 'Mugisa Richard Rwakatooke', '0785051511', '', 'Booma East', 'Lawyer', '2018-09-08', '1983-02-27', 'Male', '01', 0),
('914086', 'Kirungi Dianah', '0782850924/0784', '', 'Kitumba', 'Secritary', '2018-09-07', '1975-09-13', 'Female', '01', 0),
('917190', 'Kaijuka Charles', '0772459993/0700', '', 'Kyenjojo', 'Businessman', '2018-09-07', '1980-09-03', 'Male', '01', 0),
('923480', 'Asiimwe Stephen', '0786424259', '', 'Kagote', 'RDC', '2018-09-08', '1970-04-12', 'Male', '01', 0),
('930072', 'Shamim Juma', '0779847998', '', 'Njara', 'Businesswoman', '2018-09-07', '1980-08-10', 'Female', '01', 0),
('930786', 'Kaliba Lucy', '0772620199', '', 'Kiculeta', 'Businesswoman', '2018-09-07', '1978-05-14', 'Female', '01', 0),
('940921', 'Bingi Jalia', '0777878596', '', 'Harukoto', 'Businesswoman', '2018-09-07', '1990-09-07', 'Female', '01', 0),
('953363', 'Mwesige Christopher', '0704799172', '', 'Buteebe', 'Businessman', '2018-09-07', '1975-01-17', 'Male', '01', 0),
('956411', 'Kirungi Frank Fred', '0772627795', '', 'Kachwamba', 'Banker', '2018-09-08', '1983-04-05', 'Male', '01', 0),
('964514', 'Twesigye Julius', '0782175180/0702', '', 'Kaswa', 'Clinical officer', '2018-09-07', '1987-06-01', 'Male', '01', 0),
('973056', 'Kirungi Robert', '0774117081/0701', '', 'Kampala', 'Businessman', '2018-09-08', '1985-08-09', 'Male', '01', 0),
('974401', 'Magezi Swaliki', '0728427165', '', 'Bukwali', 'Businessman', '2018-09-07', '2018-09-07', 'Male', '01', 0),
('977862', 'Bamushabire David', '0703322480/0776', '', 'Kisenyi', 'Businessman', '2018-09-07', '1976-12-07', 'Male', '01', 0),
('981900', 'Magezi Anthony', '0772853913/0751', '', 'Humura', 'Banker', '2018-09-07', '0000-00-00', 'Male', '01', 0),
('986514', 'Tindyebwa Yonah', '0771823313', '', 'Kyenjojo', 'Businessman', '2018-09-08', '1985-05-08', 'Male', '01', 0),
('989370', 'Amanya John  Patrick', '0772563437/0706', '', 'MT harukoto', 'Businessman', '2018-09-07', '1971-09-07', 'Male', '01', 0),
('990771', 'Peace Rose', '0774179094', '', 'Kitumba', 'Businesswoman', '2018-09-07', '1980-09-07', 'Female', '01', 0),
('995523', 'Gumisiriza Adolf', '0782992831', '', 'Njara', 'Businessman', '2018-09-08', '1970-09-22', 'Male', '01', 0);

-- --------------------------------------------------------

--
-- Table structure for table `expense`
--

CREATE TABLE IF NOT EXISTS `expense` (
  `id` char(10) NOT NULL,
  `expense_acc` char(10) NOT NULL,
  `category` varchar(50) NOT NULL,
  `expense` char(50) NOT NULL,
  `desc_expense` char(50) NOT NULL,
  `regDate` date NOT NULL,
  UNIQUE KEY `id` (`id`)
) ENGINE=MyISAM DEFAULT CHARSET=latin1;

--
-- Dumping data for table `expense`
--

INSERT INTO `expense` (`id`, `expense_acc`, `category`, `expense`, `desc_expense`, `regDate`) VALUES
('862313', 'E959982', 'UTILITIES', 'TOILET SERVICES', '', '2018-09-07'),
('365264', 'E959982', 'UTILITIES', 'TV SUBSCRIPTION', '', '2018-09-07'),
('598477', 'E959982', 'UTILITIES', 'ELECTRICITY', '', '2018-09-07'),
('703698', 'E959982', 'UTILITIES', 'WATER', '', '2018-09-07'),
('639566', 'E859924', 'STATIONARY', 'STATIONARY', '', '2018-09-07'),
('640884', 'E205578', 'SECURITY', 'NEW UGANDA SECURIKO LIMITED', '', '2018-09-07'),
('265097', 'E653161', 'ALLOWANCE', 'BINGI JOHN', '', '2018-09-07'),
('683868', 'E653161', 'ALLOWANCE', 'MUGENYI KENNETH', '', '2018-09-07'),
('264932', 'E653161', 'ALLOWANCE', 'NAKYENYUNE AISHA', '', '2018-09-07'),
('417175', 'E123977', 'Salaries', 'BINGI JOHN', '', '2018-09-07'),
('371115', 'E123977', 'Salaries', 'NAKYENYUNE AISHA', '', '2018-09-07'),
('338568', 'E123977', 'Salaries', 'MUGENYI KENNETH', '', '2018-09-07');

-- --------------------------------------------------------

--
-- Table structure for table `expense_entries`
--

CREATE TABLE IF NOT EXISTS `expense_entries` (
  `id` char(10) NOT NULL,
  `voucher` char(10) NOT NULL,
  `pay_date` date NOT NULL,
  `expense` char(20) NOT NULL,
  `amount` int(20) NOT NULL,
  `mop` char(10) NOT NULL,
  `staff_user` char(20) NOT NULL,
  `bank` char(50) NOT NULL,
  `account` char(50) NOT NULL,
  PRIMARY KEY (`id`)
) ENGINE=InnoDB DEFAULT CHARSET=latin1;

--
-- Dumping data for table `expense_entries`
--

INSERT INTO `expense_entries` (`id`, `voucher`, `pay_date`, `expense`, `amount`, `mop`, `staff_user`, `bank`, `account`) VALUES
('105740', 'N/A', '2018-07-01', '598477', 35000, 'cash', '', '', ''),
('126037', 'N/A', '2018-03-30', '338568', 500000, 'cash', '', '', ''),
('131311', 'N/A', '2017-12-01', '598477', 35000, 'cash', '', '', ''),
('146444', 'N/A', '2018-09-07', '683868', 200000, 'cash', '', '', ''),
('148449', 'N/A', '2018-02-28', '417175', 2000000, 'cash', '', '', ''),
('156497', 'N/A', '2018-07-01', '365264', 32000, 'cash', '', '', ''),
('168060', 'N/A', '2017-12-10', '265097', 300000, 'cash', '', '', ''),
('173828', 'N/A', '2018-08-30', '371115', 300000, 'cash', '', '', ''),
('174981', 'N/A', '2018-09-07', '264932', 100000, 'cash', '', '', ''),
('222854', 'N/A', '2018-04-10', '683868', 200000, 'cash', '', '', ''),
('231671', 'N/A', '2018-01-10', '265097', 300000, 'cash', '', '', ''),
('236614', 'N/A', '2017-11-30', '640884', 1100000, 'cash', '', '', ''),
('238427', 'N/A', '2017-12-10', '264932', 100000, 'cash', '', '', ''),
('249386', 'N/A', '2018-03-01', '598477', 35000, 'cash', '', '', ''),
('249743', 'N/A', '2018-08-10', '265097', 300000, 'cash', '', '', ''),
('253533', 'N/A', '2017-11-05', '264932', 100000, 'cash', '', '', ''),
('274710', 'N/A', '2018-07-10', '265097', 300000, 'cash', '', '', ''),
('295254', 'N/A', '2018-09-01', '365264', 32000, 'cash', '', '', ''),
('295913', 'N/A', '2018-03-30', '417175', 2000000, 'cash', '', '', ''),
('301571', 'N/A', '2017-11-30', '338568', 500000, 'cash', '', '', ''),
('312695', 'N/A', '2018-04-10', '264932', 100000, 'cash', '', '', ''),
('328680', 'N/A', '2018-03-30', '640884', 1100000, 'cash', '', '', ''),
('334887', 'N/A', '2018-07-30', '640884', 1100000, 'cash', '', '', ''),
('356365', 'N/A', '2018-02-28', '371115', 300000, 'cash', '', '', ''),
('365951', 'N/A', '2018-06-01', '365264', 32000, 'cash', '', '', ''),
('368698', 'N/A', '2018-08-01', '598477', 35000, 'cash', '', '', ''),
('375097', 'N/A', '2018-07-10', '683868', 200000, 'cash', '', '', ''),
('378338', 'N/A', '2018-06-10', '265097', 300000, 'cash', '', '', ''),
('386331', 'N/A', '2018-08-30', '338568', 500000, 'cash', '', '', ''),
('386743', 'N/A', '2018-02-28', '640884', 1100000, 'cash', '', '', ''),
('395751', 'N/A', '2017-11-01', '365264', 32000, 'cash', '', '', ''),
('398580', 'N/A', '2018-02-28', '338568', 500000, 'cash', '', '', ''),
('398855', 'N/A', '2018-06-30', '417175', 2000000, 'cash', '', '', ''),
('418603', 'N/A', '2018-04-30', '338568', 500000, 'cash', '', '', ''),
('425167', 'N/A', '2018-04-01', '598477', 35000, 'cash', '', '', ''),
('432006', 'N/A', '2018-01-31', '417175', 2000000, 'cash', '', '', ''),
('432611', 'N/A', '2018-04-30', '640884', 1100000, 'cash', '', '', ''),
('434725', 'N/A', '2018-01-31', '338568', 500000, 'cash', '', '', ''),
('436209', 'N/A', '2018-04-01', '365264', 32000, 'cash', '', '', ''),
('439889', 'N/A', '2017-11-05', '683868', 200000, 'cash', '', '', ''),
('451205', 'N/A', '2018-09-07', '639566', 100000, 'cash', '', '', ''),
('452056', 'N/A', '2018-01-01', '598477', 35000, 'cash', '', '', ''),
('452661', 'N/A', '2018-02-10', '264932', 100000, 'cash', '', '', ''),
('452688', 'N/A', '2017-12-10', '683868', 200000, 'cash', '', '', ''),
('476473', 'N/A', '2018-06-30', '371115', 300000, 'cash', '', '', ''),
('491387', 'N/A', '2018-01-31', '371115', 300000, 'cash', '', '', ''),
('500067', 'N/A', '2018-02-10', '265097', 300000, 'cash', '', '', ''),
('509350', 'N/A', '2018-09-07', '265097', 300000, 'cash', '', '', ''),
('509899', 'N/A', '2017-12-30', '417175', 2000000, 'cash', '', '', ''),
('512097', 'N/A', '2017-12-30', '640884', 1100000, 'cash', '', '', ''),
('513854', 'N/A', '2018-01-10', '264932', 100000, 'cash', '', '', ''),
('516629', 'N/A', '2018-02-10', '683868', 200000, 'cash', '', '', ''),
('543463', 'N/A', '2018-02-10', '639566', 100000, 'cash', '', '', ''),
('547308', 'N/A', '2017-12-30', '371115', 300000, 'cash', '', '', ''),
('563293', 'N/A', '2018-08-10', '683868', 200000, 'cash', '', '', ''),
('564144', 'N/A', '2017-11-10', '639566', 100000, 'cash', '', '', ''),
('594686', 'N/A', '2018-03-01', '365264', 32000, 'cash', '', '', ''),
('601086', 'N/A', '2017-11-05', '265097', 300000, 'cash', '', '', ''),
('605508', 'N/A', '2018-01-10', '683868', 200000, 'cash', '', '', ''),
('611798', 'N/A', '2018-05-10', '265097', 300000, 'cash', '', '', ''),
('612072', 'N/A', '2018-03-10', '264932', 100000, 'cash', '', '', ''),
('612402', 'N/A', '2018-03-10', '639566', 100000, 'cash', '', '', ''),
('623745', 'N/A', '2018-03-10', '683868', 200000, 'cash', '', '', ''),
('635665', 'N/A', '2018-08-01', '365264', 32000, 'cash', '', '', ''),
('635830', 'N/A', '2018-05-10', '683868', 200000, 'cash', '', '', ''),
('651843', 'N/A', '2018-05-30', '338568', 500000, 'cash', '', '', ''),
('673019', 'N/A', '2018-08-10', '264932', 100000, 'cash', '', '', ''),
('707543', 'N/A', '2018-06-30', '338568', 500000, 'cash', '', '', ''),
('707901', 'N/A', '2018-04-10', '639566', 100000, 'cash', '', '', ''),
('713366', 'N/A', '2018-01-01', '365264', 32000, 'cash', '', '', ''),
('722457', 'N/A', '2018-03-30', '371115', 300000, 'cash', '', '', ''),
('726138', 'N/A', '2018-09-01', '598477', 35000, 'cash', '', '', ''),
('733856', 'N/A', '2018-08-30', '640884', 1100000, 'cash', '', '', ''),
('741848', 'N/A', '2018-04-30', '417175', 2000000, 'cash', '', '', ''),
('763903', 'N/A', '2018-05-10', '264932', 100000, 'cash', '', '', ''),
('769204', 'N/A', '2018-08-10', '639566', 100000, 'cash', '', '', ''),
('796231', 'N/A', '2018-05-30', '417175', 2000000, 'cash', '', '', ''),
('799774', 'N/A', '2017-11-01', '598477', 35000, 'cash', '', '', ''),
('809744', 'N/A', '2018-06-10', '639566', 100000, 'cash', '', '', ''),
('810101', 'N/A', '2018-08-30', '417175', 2000000, 'cash', '', '', ''),
('841687', 'N/A', '2018-05-30', '640884', 1100000, 'cash', '', '', ''),
('848800', 'N/A', '2017-12-30', '338568', 500000, 'cash', '', '', ''),
('867916', 'N/A', '2018-05-01', '365264', 32000, 'cash', '', '', ''),
('871597', 'N/A', '2018-07-30', '338568', 500000, 'cash', '', '', ''),
('876815', 'N/A', '2018-05-10', '639566', 100000, 'cash', '', '', ''),
('880303', 'N/A', '2017-11-30', '371115', 300000, 'cash', '', '', ''),
('882968', 'N/A', '2018-06-01', '598477', 35000, 'cash', '', '', ''),
('895080', 'N/A', '2018-07-30', '371115', 300000, 'cash', '', '', ''),
('897579', 'N/A', '2018-05-30', '371115', 300000, 'cash', '', '', ''),
('904034', 'N/A', '2018-06-30', '640884', 1100000, 'cash', '', '', ''),
('914746', 'N/A', '2018-02-01', '598477', 35000, 'cash', '', '', ''),
('917959', 'N/A', '2018-05-01', '598477', 35000, 'cash', '', '', ''),
('925073', 'N/A', '2018-06-10', '264932', 100000, 'cash', '', '', ''),
('930401', 'N/A', '2018-02-01', '365264', 32000, 'cash', '', '', ''),
('930648', 'N/A', '2018-07-10', '264932', 100000, 'cash', '', '', ''),
('934548', 'N/A', '2018-06-10', '683868', 200000, 'cash', '', '', ''),
('937103', 'N/A', '2017-12-01', '365264', 32000, 'cash', '', '', ''),
('937240', 'N/A', '2018-04-30', '371115', 300000, 'cash', '', '', ''),
('939108', 'N/A', '2018-07-10', '639566', 100000, 'cash', '', '', ''),
('941799', 'N/A', '2017-12-10', '639566', 100000, 'cash', '', '', ''),
('944107', 'N/A', '2018-05-01', '365264', 32000, 'cash', '', '', ''),
('947100', 'N/A', '2018-01-30', '640884', 1100000, 'cash', '', '', ''),
('967453', 'N/A', '2018-01-10', '639566', 100000, 'cash', '', '', ''),
('970117', '', '2018-09-05', '398690', 200000, 'cash', '', '', ''),
('974649', 'V040', '2018-02-20', '807876', 35000, 'cash', '', '', ''),
('982037', 'N/A', '2018-03-10', '265097', 300000, 'cash', '', '', ''),
('991156', 'N/A', '2018-04-10', '265097', 300000, 'cash', '', '', ''),
('993188', 'N/A', '2017-11-30', '417175', 2000000, 'cash', '', '', ''),
('997857', 'N/A', '2018-07-30', '417175', 2000000, 'cash', '', '', '');

-- --------------------------------------------------------

--
-- Table structure for table `loan_adjusts`
--

CREATE TABLE IF NOT EXISTS `loan_adjusts` (
  `id` char(10) NOT NULL,
  `loan_amount` int(20) NOT NULL,
  `interest` int(3) NOT NULL,
  `duration` char(10) NOT NULL,
  `period` int(3) NOT NULL,
  `date_entry` date NOT NULL,
  `status` char(2) NOT NULL,
  `client` char(20) NOT NULL,
  `loan` char(20) NOT NULL,
  PRIMARY KEY (`id`)
) ENGINE=InnoDB DEFAULT CHARSET=latin1;

-- --------------------------------------------------------

--
-- Table structure for table `loan_entries`
--

CREATE TABLE IF NOT EXISTS `loan_entries` (
  `id` char(10) NOT NULL,
  `loan_amount` int(20) NOT NULL,
  `interest` int(3) NOT NULL,
  `duration` char(10) NOT NULL,
  `period` int(3) NOT NULL,
  `date_entry` date NOT NULL,
  `status` char(2) NOT NULL,
  `client` char(20) NOT NULL,
  `overdue_status` char(2) NOT NULL,
  PRIMARY KEY (`id`)
) ENGINE=InnoDB DEFAULT CHARSET=latin1;

--
-- Dumping data for table `loan_entries`
--

INSERT INTO `loan_entries` (`id`, `loan_amount`, `interest`, `duration`, `period`, `date_entry`, `status`, `client`, `overdue_status`) VALUES
('109942', 2000000, 15, 'month', 3, '2017-11-03', '01', '776318', '01'),
('115710', 2000000, 15, 'month', 3, '2018-07-09', '01', '585458', '00'),
('122164', 300000, 15, 'month', 1, '2017-11-14', '01', '289624', '01'),
('123428', 4000000, 15, 'month', 8, '2017-12-19', '01', '284213', '01'),
('130706', 6000000, 15, 'month', 4, '2018-02-24', '01', '149081', '01'),
('140759', 1000000, 15, 'month', 3, '2017-12-01', '01', '121780', '01'),
('144494', 800000, 15, 'month', 5, '2017-11-15', '01', '520584', '01'),
('145016', 2000000, 15, 'month', 3, '2017-12-09', '01', '220932', '01'),
('147378', 500000, 15, 'month', 5, '2018-02-21', '01', '394515', '01'),
('155865', 500000, 15, 'month', 2, '2017-12-09', '01', '940921', '01'),
('156277', 2000000, 15, 'month', 3, '2018-07-19', '01', '264794', '00'),
('171823', 500000, 15, 'month', 1, '2017-11-23', '01', '854705', '01'),
('174102', 1500000, 15, 'month', 1, '2018-01-12', '01', '864154', '01'),
('179101', 2000000, 15, 'month', 8, '2018-03-01', '01', '530224', '00'),
('182150', 400000, 15, 'month', 5, '2018-04-05', '01', '845642', '00'),
('184457', 500000, 15, 'month', 1, '2017-11-13', '01', '436621', '01'),
('190966', 500000, 15, 'month', 1, '2017-11-18', '01', '220932', '01'),
('204837', 13000000, 20, 'day', 4, '2017-12-04', '01', '108761', '01'),
('209863', 2000000, 15, 'month', 1, '2017-11-29', '01', '638385', '01'),
('213873', 10000000, 15, 'month', 10, '2018-01-29', '01', '233703', '00'),
('216757', 2000000, 15, 'month', 3, '2017-11-10', '01', '977862', '01'),
('216894', 26000000, 10, 'month', 3, '2018-08-03', '01', '108761', '00'),
('218075', 400000, 15, 'month', 3, '2017-12-08', '01', '755856', '01'),
('220272', 5000000, 13, 'month', 3, '2017-12-04', '01', '481802', '01'),
('222030', 600000, 15, 'month', 3, '2017-11-23', '01', '897634', '01'),
('228292', 4000000, 15, 'month', 2, '2017-11-23', '01', '149081', '01'),
('235379', 27000000, 10, 'month', 6, '2018-02-22', '01', '243234', '00'),
('239334', 500000, 15, 'month', 3, '2018-06-11', '01', '121780', '00'),
('241833', 300000, 15, 'month', 15, '2018-02-19', '01', '460928', '00'),
('244305', 250000, 15, 'month', 1, '2017-11-22', '01', '438708', '01'),
('246667', 300000, 15, 'month', 6, '2018-02-23', '01', '690625', '00'),
('251281', 4000000, 15, 'month', 6, '2017-12-11', '01', '873767', '01'),
('251309', 30000000, 10, 'month', 2, '2018-02-28', '01', '104394', '01'),
('252133', 12000000, 10, 'day', 1, '2018-06-29', '01', '108761', '01'),
('256610', 2000000, 20, 'day', 6, '2018-05-18', '01', '108761', '01'),
('257186', 800000, 15, 'month', 6, '2017-11-04', '01', '597708', '01'),
('264163', 5000000, 15, 'month', 4, '2017-11-30', '01', '594906', '01'),
('267019', 200000, 15, 'month', 3, '2018-07-09', '01', '755856', '00'),
('272595', 700000, 15, 'month', 6, '2017-12-14', '01', '488476', '01'),
('273748', 2000000, 15, 'month', 6, '2017-12-04', '01', '585211', '01'),
('277017', 5000000, 10, 'month', 5, '2017-12-30', '01', '108761', '01'),
('282070', 5000000, 15, 'month', 6, '2017-11-21', '01', '917190', '01'),
('286740', 400000, 15, 'month', 1, '2018-06-13', '01', '163995', '01'),
('293963', 3000000, 20, 'day', 13, '2018-05-30', '01', '680764', '01'),
('297067', 1500000, 15, 'month', 3, '2017-12-21', '01', '989370', '01'),
('297232', 2000000, 15, 'month', 8, '2017-12-21', '01', '484109', '00'),
('298165', 3000000, 15, 'month', 1, '2018-04-10', '01', '585458', '01'),
('302642', 1000000, 15, 'month', 3, '2017-11-24', '01', '530224', '01'),
('329202', 23000000, 10, 'month', 3, '2018-06-27', '01', '108761', '00'),
('329312', 400000, 15, 'month', 1, '2017-11-22', '01', '138479', '01'),
('334420', 2500000, 20, 'day', 4, '2017-11-13', '01', '108761', '01'),
('354580', 1500000, 15, 'month', 4, '2018-05-15', '01', '377459', '00'),
('356585', 500000, 15, 'month', 4, '2017-12-11', '01', '990771', '01'),
('358013', 1000000, 15, 'month', 3, '2018-08-23', '01', '394515', '00'),
('360211', 23000000, 15, 'month', 6, '2018-06-27', '01', '877941', '00'),
('360595', 3000000, 15, 'month', 1, '2017-11-11', '01', '585458', '01'),
('369165', 1000000, 15, 'month', 1, '2017-12-12', '01', '321401', '01'),
('371527', 500000, 15, 'month', 3, '2018-07-03', '01', '321401', '00'),
('371691', 2000000, 15, 'month', 1, '2017-12-01', '01', '484109', '01'),
('371884', 4000000, 15, 'month', 2, '2017-11-02', '01', '284213', '01'),
('375509', 600000, 15, 'month', 3, '2017-11-24', '01', '823394', '01'),
('376113', 200000, 15, 'month', 2, '2017-11-14', '01', '644317', '01'),
('381030', 300000, 15, 'month', 6, '2018-03-05', '01', '346752', '00'),
('388885', 600000, 15, 'month', 3, '2017-11-16', '01', '373532', '01'),
('390725', 500000, 15, 'month', 6, '1970-01-01', '01', '116040', '01'),
('393307', 300000, 15, 'month', 4, '2017-12-04', '01', '423959', '01'),
('397592', 500000, 15, 'month', 2, '2017-12-06', '01', '477572', '01'),
('401190', 300000, 15, 'month', 1, '2018-02-21', '01', '953363', '01'),
('412725', 400000, 10, 'month', 3, '2018-03-03', '01', '108761', '01'),
('439230', 500000, 15, 'month', 3, '2017-11-23', '01', '346752', '01'),
('441976', 1500000, 15, 'day', 4, '2018-05-25', '01', '789859', '01'),
('442031', 6000000, 20, 'day', 4, '2018-02-27', '01', '108761', '01'),
('446179', 800000, 15, 'month', 6, '2017-11-24', '01', '735971', '01'),
('447964', 600000, 15, 'month', 6, '2017-11-27', '01', '400997', '01'),
('448019', 1500000, 15, 'month', 8, '2017-11-15', '01', '706170', '01'),
('448266', 1000000, 15, 'month', 8, '2017-11-28', '01', '240872', '01'),
('449172', 5000000, 15, 'month', 6, '2017-12-12', '01', '551785', '01'),
('450848', 10000000, 10, 'month', 3, '2017-11-14', '01', '904061', '01'),
('452468', 11000000, 10, 'day', 20, '2018-05-05', '01', '108761', '00'),
('453347', 2000000, 15, 'month', 3, '2018-08-06', '01', '758547', '00'),
('453594', 1000000, 15, 'month', 7, '2017-11-16', '01', '578482', '01'),
('454116', 700000, 15, 'month', 3, '2017-11-30', '01', '789859', '01'),
('463812', 6000000, 15, 'month', 7, '2017-11-24', '01', '758547', '01'),
('463867', 200000, 15, 'month', 6, '2018-02-22', '01', '727291', '00'),
('465597', 500000, 15, 'month', 4, '2018-04-19', '01', '679199', '00'),
('485675', 45000000, 15, 'month', 3, '2017-12-05', '01', '834902', '01'),
('488641', 300000, 15, 'month', 4, '2017-11-28', '01', '930072', '01'),
('488806', 8000000, 15, 'month', 1, '2017-11-07', '01', '662390', '01'),
('497485', 2300000, 15, 'day', 7, '2018-04-11', '01', '108761', '00'),
('500588', 4225600, 15, 'day', 4, '2017-11-15', '01', '877941', '00'),
('500643', 3000000, 15, 'month', 5, '2018-02-19', '01', '864154', '01'),
('507153', 2000000, 15, 'month', 7, '2017-12-07', '01', '264794', '01'),
('512673', 1000000, 15, 'month', 6, '2017-11-13', '01', '680764', '01'),
('513140', 250000, 15, 'month', 2, '2018-02-28', '01', '724133', '01'),
('518331', 8000000, 15, 'month', 1, '2017-11-07', '01', '662390', '01'),
('525473', 1000000, 15, 'month', 10, '2017-12-08', '01', '359579', '00'),
('527258', 1000000, 15, 'month', 6, '2017-12-12', '01', '812216', '01'),
('533218', 1000000, 10, 'month', 3, '2018-07-31', '01', '645855', '00'),
('535250', 500000, 15, 'month', 3, '2017-11-29', '01', '116040', '01'),
('543792', 700000, 15, 'month', 1, '2017-12-01', '01', '679199', '01'),
('548571', 3000000, 15, 'month', 6, '2017-11-29', '01', '704852', '01'),
('550961', 800000, 15, 'month', 1, '2017-11-07', '01', '162814', '01'),
('552059', 8000000, 10, 'month', 6, '2017-12-13', '01', '243234', '01'),
('552444', 2000000, 15, 'month', 3, '2017-12-04', '01', '585211', '01'),
('554449', 500000, 15, 'month', 1, '2017-11-18', '01', '108706', '01'),
('556289', 3500000, 10, 'month', 2, '2018-03-14', '01', '108761', '01'),
('557415', 600000, 15, 'month', 1, '2017-11-24', '01', '463345', '01'),
('558981', 1000000, 15, 'month', 6, '2017-12-12', '01', '438708', '01'),
('559695', 2100000, 15, 'month', 3, '2017-11-21', '01', '183468', '01'),
('562277', 1500000, 15, 'month', 6, '2017-12-04', '01', '170779', '01'),
('581201', 6000000, 15, 'month', 3, '2017-11-27', '01', '405117', '01'),
('586309', 1500000, 15, 'month', 3, '2018-03-03', '01', '269903', '01'),
('599877', 1000000, 0, 'day', 1, '2017-12-12', '01', '163995', '01'),
('606607', 2000000, 15, 'month', 1, '2017-11-09', '01', '145840', '01'),
('615698', 1500000, 15, 'month', 3, '2017-12-04', '01', '436621', '01'),
('616687', 15000000, 15, 'month', 1, '2017-11-18', '01', '343127', '01'),
('622317', 1000000, 15, 'month', 6, '2017-11-16', '01', '188934', '01'),
('627755', 300000, 15, 'month', 4, '2018-02-21', '01', '889093', '01'),
('633825', 25000000, 15, 'month', 4, '2017-12-22', '01', '877941', '01'),
('634924', 600000, 15, 'month', 4, '2018-03-05', '01', '220932', '01'),
('635308', 130000, 20, 'day', 1, '2017-12-08', '01', '400997', '01'),
('635556', 4000000, 10, 'day', 45, '2018-04-09', '01', '108761', '00'),
('636434', 10000000, 15, 'month', 3, '2017-11-13', '01', '886840', '01'),
('642477', 2000000, 15, 'month', 3, '2018-03-02', '01', '206732', '01'),
('643328', 500000, 15, 'month', 6, '2017-11-30', '01', '358590', '01'),
('648986', 500000, 15, 'month', 3, '2017-11-13', '01', '394515', '01'),
('649069', 300000, 20, 'day', 1, '2017-11-27', '01', '359579', '01'),
('649838', 1000000, 15, 'month', 2, '2017-12-12', '01', '460928', '01'),
('649920', 1000000, 15, 'month', 1, '2017-12-01', '01', '324066', '01'),
('652722', 2500000, 20, 'day', 1, '2017-12-16', '01', '108761', '01'),
('659039', 10000000, 15, 'month', 3, '2017-11-13', '01', '886840', '01'),
('659616', 1200000, 15, 'month', 6, '2017-12-11', '01', '596389', '01'),
('664202', 10000000, 15, 'month', 1, '2017-11-18', '01', '877941', '01'),
('665328', 1000000, 15, 'month', 3, '2018-02-13', '01', '142214', '01'),
('667196', 1400000, 20, 'month', 1, '2018-02-28', '01', '403442', '01'),
('668295', 300000, 15, 'month', 2, '2018-05-10', '01', '724133', '01'),
('670904', 200000, 15, 'month', 1, '2017-12-11', '01', '217828', '01'),
('671371', 150000, 15, 'month', 1, '2017-11-15', '01', '727291', '01'),
('673980', 300000, 15, 'month', 4, '2018-03-06', '01', '217828', '01'),
('674035', 200000, 15, 'month', 1, '2017-11-24', '01', '724133', '01'),
('675244', 400000, 15, 'month', 3, '2017-11-23', '01', '267623', '01'),
('684857', 1000000, 15, 'month', 5, '2017-12-12', '01', '732098', '01'),
('688372', 600000, 15, 'month', 6, '2017-11-20', '01', '623910', '01'),
('710043', 1000000, 15, 'month', 3, '2017-11-24', '01', '530224', '01'),
('710208', 600000, 15, 'month', 3, '2017-11-24', '01', '823394', '01'),
('712405', 400000, 13, 'month', 2, '2018-02-03', '01', '456918', '01'),
('714602', 600000, 15, 'month', 6, '2018-03-06', '01', '460928', '00'),
('718997', 3000000, 15, 'month', 1, '2017-11-11', '01', '585458', '01'),
('725204', 2500000, 15, 'month', 3, '2018-07-02', '01', '675354', '00'),
('734020', 2400000, 15, 'day', 9, '2017-11-11', '01', '558157', '00'),
('749868', 10000000, 15, 'month', 5, '2018-01-13', '01', '343127', '01'),
('760937', 5000000, 15, 'month', 10, '2017-12-08', '01', '166467', '00'),
('761404', 700000, 15, 'month', 6, '2017-12-14', '01', '488476', '01'),
('762365', 800000, 15, 'month', 3, '2017-11-28', '01', '495040', '01'),
('762475', 3300000, 15, 'month', 3, '2018-04-24', '01', '456918', '01'),
('763958', 500000, 15, 'month', 6, '2017-11-28', '01', '875085', '01'),
('777526', 1300000, 15, 'day', 15, '2017-12-12', '01', '178414', '00'),
('781866', 1000000, 10, 'month', 3, '2018-07-31', '01', '645855', '00'),
('788815', 500000, 15, 'month', 3, '2018-03-01', '01', '468069', '01'),
('798950', 300000, 20, 'day', 7, '2017-12-08', '01', '142214', '01'),
('802410', 1000000, 15, 'month', 3, '2017-11-27', '01', '206732', '01'),
('803564', 500000, 15, 'month', 3, '2018-07-04', '01', '724133', '00'),
('804251', 5000000, 15, 'month', 6, '2017-11-20', '01', '642779', '01'),
('804553', 600000, 15, 'month', 2, '2017-11-30', '01', '964514', '01'),
('813424', 14000000, 15, 'month', 5, '2017-12-14', '01', '483010', '01'),
('816665', 300000, 15, 'month', 6, '2018-02-19', '01', '188934', '00'),
('832760', 400000, 15, 'month', 5, '2017-11-23', '01', '267623', '01'),
('837484', 1200000, 15, 'month', 6, '2017-11-22', '01', '666290', '01'),
('838693', 700000, 15, 'month', 3, '2017-11-29', '01', '829629', '01'),
('838775', 1000000, 15, 'month', 6, '2017-11-27', '01', '289541', '01'),
('845697', 2000000, 15, 'month', 2, '2017-12-21', '01', '585458', '01'),
('852700', 400000, 15, 'month', 2, '2017-12-04', '01', '724133', '01'),
('858166', 2000000, 15, 'month', 4, '2018-06-20', '01', '206732', '00'),
('858441', 400000, 15, 'month', 6, '2017-12-04', '01', '543600', '01'),
('860418', 800000, 20, 'day', 7, '2017-12-20', '01', '142214', '01'),
('865335', 500000, 15, 'month', 3, '2018-02-23', '01', '321401', '01'),
('880249', 1000000, 15, 'month', 1, '2017-11-07', '01', '225189', '01'),
('901672', 1000000, 15, 'month', 5, '2017-11-27', '01', '669970', '01'),
('907302', 2000000, 15, 'month', 8, '2017-12-11', '01', '854705', '01'),
('907522', 4000000, 15, 'month', 3, '2017-11-27', '01', '162814', '01'),
('908428', 1500000, 13, 'month', 2, '2017-12-12', '01', '403442', '01'),
('909939', 1000000, 15, 'month', 6, '2017-12-11', '01', '914086', '01'),
('911944', 2000000, 15, 'month', 6, '2017-11-29', '01', '274929', '01'),
('914443', 1000000, 15, 'month', 5, '2017-12-04', '01', '377459', '01'),
('914993', 300000, 15, 'month', 2, '2017-11-27', '01', '889093', '01'),
('915103', 1000000, 15, 'month', 8, '2017-11-28', '01', '240872', '01'),
('917218', 2000000, 15, 'month', 6, '2017-12-12', '01', '675354', '01'),
('928808', 4000000, 10, 'day', 2, '2018-05-23', '01', '108761', '01'),
('930813', 500000, 15, 'month', 2, '2017-11-20', '01', '690625', '01'),
('934603', 1000000, 15, 'month', 6, '2017-11-27', '01', '974401', '01'),
('942486', 1500000, 15, 'month', 3, '2018-02-26', '01', '789859', '01'),
('945535', 120000, 15, 'month', 1, '2018-03-05', '01', '644317', '01'),
('945974', 3500000, 13, 'month', 2, '2018-09-06', '01', '481802', '00'),
('951083', 500000, 15, 'month', 1, '2018-04-13', '01', '121780', '01'),
('952868', 2000000, 15, 'month', 6, '2017-12-12', '01', '426568', '01'),
('954077', 10000000, 13, 'month', 2, '2018-05-26', '01', '481802', '01'),
('970007', 500000, 15, 'month', 4, '2017-11-13', '01', '845642', '01'),
('973770', 500000, 15, 'month', 6, '2017-12-08', '01', '270947', '01'),
('976983', 500000, 15, 'month', 4, '2017-11-21', '01', '173773', '01'),
('978604', 150000, 15, 'month', 7, '2018-01-19', '01', '558157', '00'),
('982998', 1500000, 15, 'month', 1, '2017-12-13', '01', '456918', '01'),
('992556', 400000, 15, 'month', 2, '2017-11-13', '01', '953363', '01'),
('993655', 3000000, 20, 'day', 4, '2017-12-02', '01', '243234', '01'),
('994754', 200000, 20, 'day', 7, '2017-11-13', '01', '142214', '00');

-- --------------------------------------------------------

--
-- Table structure for table `loan_guarantor`
--

CREATE TABLE IF NOT EXISTS `loan_guarantor` (
  `id` char(20) NOT NULL,
  `guarantor` char(50) NOT NULL,
  `gender` char(6) NOT NULL,
  `email` varchar(100) NOT NULL,
  `residence` char(50) NOT NULL,
  `occupation` char(50) NOT NULL,
  `loan` char(20) NOT NULL,
  `client` char(20) NOT NULL,
  `date_entry` date NOT NULL,
  `contacts` char(20) NOT NULL,
  PRIMARY KEY (`id`)
) ENGINE=InnoDB DEFAULT CHARSET=latin1;

--
-- Dumping data for table `loan_guarantor`
--

INSERT INTO `loan_guarantor` (`id`, `guarantor`, `gender`, `email`, `residence`, `occupation`, `loan`, `client`, `date_entry`, `contacts`) VALUES
('10483', 'Bingi John', 'Male', '', 'Ruhandika Street', 'Businessman', '', '', '0000-00-00', '0775123307'),
('10598', 'Kobusinge Faith', 'Female', '', 'Njara', 'Business woman', '', '', '0000-00-00', '0728412223'),
('10804', 'Mugalu Charles', 'Male', '', 'Nyabukara', '', '', '', '0000-00-00', '0782996841'),
('10917', 'Mugenyi Kenneth', 'Male', '', 'Kitumba', '', '', '', '0000-00-00', '0774599555'),
('10988', 'Bingi John', 'Male', '', 'Kyenjojo', 'Business man', '', '', '0000-00-00', '0775123307'),
('11463', 'Murungi Shakilla Abbas', 'Female', '', 'Njara', 'Business woman', '', '', '0000-00-00', '0785468213'),
('11777', 'Mayeku Jude', 'Male', '', 'Nyabukara', 'Marketier', '', '', '0000-00-00', '0771842181'),
('12664', 'Mwesigwa Robert', 'Male', '', 'Nyarukoma', '', '', '', '0000-00-00', '0774407847'),
('13328', 'Musinguzi Christopher', 'Male', '', 'Kitumba', '', '', '', '0000-00-00', '0772603584'),
('13350', 'Bright Tonny', 'Male', '', 'Harukoto', 'Teacher', '', '', '0000-00-00', ''),
('13512', 'Timbigamba Judith', 'Female', '', 'Mukubo', '', '', '', '0000-00-00', '0779038387'),
('14328', 'Byaruhanga Fred', 'Male', '', 'Kyenjojo', '', '', '', '0000-00-00', '0787065427'),
('14485', 'Bingi John', '--Sele', '', '', '', '', '', '0000-00-00', '0775123307'),
('15127', 'Byaruhanga Adolf', 'Male', '', 'Kyabukonkoni', '', '', '', '0000-00-00', '0782294440'),
('15223', 'Bingi John', 'Male', 'bingijohn@ymail', 'Ruhandika street', 'Businessman', '', '', '0000-00-00', '0775123307'),
('15245', 'Rugumayo Brian Manyindo', 'Male', '', 'Kyenjojo', 'Accountant', '', '', '0000-00-00', '0772658622'),
('15701', 'Bingi John', 'Male', '', 'Ruhandika Street', '', '', '', '0000-00-00', '0775123307'),
('15916', 'Halled Ali', 'Male', '', 'Njara', 'Business man', '', '', '0000-00-00', '0704489015'),
('16015', 'Musinguzi Christopher', 'Male', '', 'Kitumba', '', '', '', '0000-00-00', '0772603584'),
('16028', 'Timbigamba Judith', 'Female', '', 'Kamengo', '', '', '', '0000-00-00', '0779038387'),
('16177', 'Mugume Jimmy', 'Male', '', 'Kyenjojo', '', '', '', '0000-00-00', '0777137275'),
('16446', 'Kahunde Irene', 'Female', '', 'Bukuwali', '', '', '', '0000-00-00', '0788200601'),
('16457', 'Baguma Mathias', 'Male', '', 'Karugutu', '', '', '', '0000-00-00', '0775123307'),
('16534', 'Baguma Mathias', 'Male', '', 'Karugutu', '', '', '', '0000-00-00', '0775123307'),
('16849', 'Kansiime Teddy', 'Female', '', 'Rwengoma', '', '', '', '0000-00-00', '0775460247'),
('17212', 'Tom Rubaale', 'Male', '', 'Booma', '', '', '', '0000-00-00', ''),
('17473', 'Tugumisirize Wilber', 'Male', '', 'Kisenyi', '', '', '', '0000-00-00', '0775002059'),
('18324', 'PCS', 'Male', '', '', '', '', '', '0000-00-00', '0775123307'),
('18843', 'Karunga Grace', 'Female', '', 'Mugunu', '', '', '', '0000-00-00', '0779042537'),
('19895', 'Rugumayo Brian Manyindo', 'Male', '', 'Kyenjojo', 'Accountant', '', '', '0000-00-00', '0772658622'),
('19978', 'Kajoina Rose', 'Female', '', 'Kibimba', 'Business woman', '', '', '0000-00-00', '0774597775'),
('20038', 'Bingi John', 'Male', '', '', '', '', '', '0000-00-00', '0775123307'),
('20612', 'Kobusinge Betty', 'Female', '', 'Rwengoma', 'Business woman', '', '', '0000-00-00', '0773311479'),
('22252', 'Basemera Annet Irene', 'Female', '', 'Kachwamba', '', '', '', '0000-00-00', '0777746535'),
('23068', 'Asiimwe Richard', 'Male', '', 'Kyamukerege', '', '', '', '0000-00-00', '0782991178'),
('23235', 'Badru Ismail', 'Male', '', 'Njara', '', '', '', '0000-00-00', '0759219492'),
('23433', 'Mugume Dan', 'Male', '', 'Harukoto', 'Clinical officer', '', '', '0000-00-00', '0779223722'),
('23952', 'Lyomoki John', 'Male', '', 'Kasusu', '', '', '', '0000-00-00', '0782715870'),
('24710', 'Habomugisha Alex', 'Male', '', 'Buteebe', '', '', '', '0000-00-00', '0782739291'),
('24933', 'Kabaliisa Margret', 'Female', '', 'Bukwali', '', '', '', '0000-00-00', '0781981783'),
('24990', 'Kahunde Irene', 'Female', '', 'Bwera B Bukwali', 'Stylist', '', '', '0000-00-00', '0788200601'),
('25466', 'Kabasambu Rose', 'Female', '', 'Kacwamba', 'Business woman', '', '', '0000-00-00', '0785460387'),
('25680', 'Rugumayo Brian Manyindo', 'Male', '', 'Kyenjojo', 'Accountant', '', '', '0000-00-00', '0772658622'),
('25765', 'Rugumayo Brian Manyindo', 'Male', '', 'Kyenjojo', '', '', '', '0000-00-00', '0772658622'),
('25888', 'Rugumayo Brian Manyindo', 'Male', '', 'Kyenjojo', 'Accountant', '', '', '0000-00-00', '0772658622'),
('27421', 'Kyaligonza  Patrick Araali', 'Male', '', 'Ihani', '', '', '', '0000-00-00', '0773320877'),
('27531', 'Bright Emmanuel Costa', 'Male', '', 'Rwengoma', 'Businessman', '', '', '0000-00-00', '0782896573'),
('28435', 'Mshana Zainab', 'Female', '', 'Kagote', 'Social worker', '', '', '0000-00-00', '0752130792'),
('28500', 'Mugenyi Kenneth', 'Male', '', 'Kitumba', '', '', '', '0000-00-00', '0774599555'),
('28646', 'Mugabi Steven', 'Male', '', 'Kagote', 'Business man', '', '', '0000-00-00', '0773823321'),
('28833', 'Nkoba Fred', 'Male', '', 'Kiaenyi', 'Docter', '', '', '0000-00-00', '0781994072'),
('28915', 'Kazooba Peter', '--Sele', '', '', '', '', '', '0000-00-00', ''),
('28937', 'Tom Rubaale', 'Male', '', 'Booma', '', '', '', '0000-00-00', ''),
('30302', 'Kansiime Rose', 'Female', '', 'Boma', 'Business woman', '', '', '0000-00-00', '0788646780'),
('30709', 'Asio Irene', 'Female', '', 'Buteebe', '', '', '', '0000-00-00', '0788925542'),
('31003', 'Kansiime Esther', 'Female', '', 'Kiculeta', '', '', '', '0000-00-00', '0777024049'),
('31662', 'Alimarroha Douglas', 'Male', '', 'Ihani', '', '', '', '0000-00-00', '0706635955'),
('31991', 'Ayera John', 'Male', '', 'Rwengoma', '', '', '', '0000-00-00', '0777215464'),
('32252', 'Asio Irene', 'Female', '', 'Buteebe', 'Teacher', '', '', '0000-00-00', '0788925542'),
('33041', 'Baguma Mathias', 'Male', '', 'Karugutu', '', '', '', '0000-00-00', '0775123307'),
('33922', 'Museven Jalia', 'Female', '', 'Fort portal', '', '', '', '0000-00-00', '0772611316'),
('34098', 'Kaahwa Erinem', 'Male', '', 'Kitumba', 'Electrician', '', '', '0000-00-00', '0774080056'),
('34249', 'Magezi Anthony', 'Male', '', 'Kampala', '', '', '', '0000-00-00', ''),
('34620', 'Asiimwe Samuel', 'Male', '', 'Nyamitoma', 'Farmer', '', '', '0000-00-00', '0774079922'),
('34694', 'Rugumayo Brian Manyindo', 'Male', '', 'Kyenjojo', '', '', '', '0000-00-00', '0772658622'),
('34812', 'Lyomoki John', 'Male', '', 'Kasusu', '', '', '', '0000-00-00', '0782715870'),
('35235', 'Mugenyi Kenneth', 'Male', '', 'Kitumba', '', '', '', '0000-00-00', '0774599555'),
('35287', 'Bingi John', 'Male', '', 'Ruhandika', '', '', '', '0000-00-00', '0775123307'),
('36125', 'Akugizibwe John', 'Male', '', 'Kyenjojo', '', '', '', '0000-00-00', '0782813323'),
('36529', 'Kamugisha Akleo', 'Male', '', 'Rwengoma', 'Mechanic', '', '', '0000-00-00', '0772473598'),
('36641', 'Muhumuza Joseph', 'Male', '', 'Kyenjojo', '', '', '', '0000-00-00', '0773984600'),
('37388', 'Muganda Herbert', 'Female', '', 'Fort portal', 'Lawyer', '', '', '0000-00-00', '0717813121'),
('37454', 'Monday Robert', 'Male', '', 'Fortportal', 'Business man', '', '', '0000-00-00', '0782326161'),
('37853', 'Bingi John', 'Male', '', '', '', '', '', '0000-00-00', '0775123307'),
('38243', 'Bright Emmanuel Costa', 'Male', '', 'Rwengoma', 'Businessman', '', '', '0000-00-00', '0782896573'),
('38366', 'Asiimwe Richard', 'Male', '', 'Kyamukerege', '', '', '', '0000-00-00', '0782991178'),
('38959', 'Nyakake Daphine', 'Female', '', 'Harubaho', '', '', '', '0000-00-00', '0789267912'),
('39248', 'Monday Robert', 'Male', '', 'Fortportal', 'Business man', '', '', '0000-00-00', '0782326161'),
('39591', 'Nansubuga Zaituni', 'Female', '', 'Kitumba', '', '', '', '0000-00-00', '0753877244'),
('39627', 'Akugizibwe Judith', 'Female', '', 'Nyabukara', '', '', '', '0000-00-00', '0788248817'),
('39838', 'Kahunde Zam', 'Female', '', 'Njara Nsaho', '', '', '', '0000-00-00', '0785054443'),
('39929', 'Kansiime Joseline', 'Female', '', 'Boma', 'Business woman', '', '', '0000-00-00', '0775727755'),
('40382', 'Kusemererwa Peter', 'Male', '', 'Bukwali', 'Business man', '', '', '0000-00-00', '0782964441'),
('41300', 'Baryeremwa Emmanuel', 'Male', '', 'Kyenjojo', 'Business man', '', '', '0000-00-00', '0783764757'),
('41874', 'Bingi John', 'Male', '', '', '', '', '', '0000-00-00', '0775123307'),
('42601', 'Baharagate Joseph', 'Male', '', 'Kitumba', 'Photographer', '', '', '0000-00-00', '0782993881/070507199'),
('43016', 'Bingi John', 'Male', '', 'Ruhandika', '', '', '', '0000-00-00', '0775123307'),
('43162', 'Kobusinge Betty', 'Female', '', 'Rwengoma', 'Business woman', '', '', '0000-00-00', '0773311479'),
('43653', 'Akugizibwe Judith', 'Female', '', 'Nyabukara', '', '', '', '0000-00-00', '0788248817'),
('44211', 'Karunga Grace', 'Female', '', 'Mugunu', '', '', '', '0000-00-00', '0779042537'),
('44623', 'Habomugisha Alex', 'Male', '', 'Buteebe', '', '', '', '0000-00-00', '0782739291'),
('44766', 'Byaruhanga Adolf', 'Male', '', 'Kyabukonkoni', 'Accountant', '', '', '0000-00-00', '0782294440'),
('46213', 'Byaruhanga Adolf', 'Male', '', 'Kyabukonkoni', '', '', '', '0000-00-00', '0782294440'),
('46312', 'Mwesige Christopher', 'Male', '', 'Humura', 'Business man', '', '', '0000-00-00', '0704299172'),
('46416', 'Bingi John', 'Male', '', 'Ruhandika', 'Businessman', '', '', '0000-00-00', '0775123307'),
('46996', 'Asiimwe Richard', 'Male', '', 'Kyamukerege', 'Businessman', '', '', '0000-00-00', '0782991178'),
('47054', 'Kamugisha Akleo', 'Male', '', 'Rwengoma', '', '', '', '0000-00-00', '0772473598'),
('48125', 'Ssenono Jumah', 'Male', '', 'Harukoto', '', '', '', '0000-00-00', '0704214806'),
('48633', 'Mirembe Patrick', 'Male', '', 'Kitumba', '', '', '', '0000-00-00', '0777856757'),
('48762', 'Kamugisha Akleo', 'Male', '', 'Rwengoma', '', '', '', '0000-00-00', '0772473598'),
('48908', 'Tuhaise Janiffer', 'Female', '', 'Kasusu', 'Business Woman', '', '', '0000-00-00', '0782443778'),
('49880', 'Komwiswa Rogers', 'Male', '', 'Najeera', 'Insurer', '', '', '0000-00-00', '0774117081/070111701'),
('50347', 'Magezi Anthony', 'Male', '', 'Kampala', 'Banker', '', '', '0000-00-00', '0772853913'),
('50402', 'Mugenyi Kenneth', '--Sele', '', '', '', '', '', '0000-00-00', '0703'),
('50885', 'Bingi John', 'Male', '', 'Ruhandika', 'Businessman', '', '', '0000-00-00', '0775123307'),
('51206', 'Winyi Jim', 'Male', '', 'Kakiiza', '', '', '', '0000-00-00', ''),
('51470', 'Bingi John', 'Male', '', 'Ruhandika', '', '', '', '0000-00-00', '0775123307'),
('51473', 'Timbigamba Judith', 'Female', '', 'Mukubo', '', '', '', '0000-00-00', '0779038387'),
('52626', 'Byaruhanga Adolf', 'Male', '', 'Kyabukonkoni', 'Accountant', '', '', '0000-00-00', '0775123307'),
('52915', 'Baguma Mathias', 'Male', '', 'Karugutu', '', '', '', '0000-00-00', '0775123307'),
('53857', 'Magezi Antony', 'Male', '', 'Kampala', '', '', '', '0000-00-00', '0772853913'),
('54030', 'Rugumayo Brian Manyindo', 'Male', '', 'Kyenjojo', 'Accountant', '', '', '0000-00-00', '0772658622'),
('54071', 'Bingi John', 'Male', 'bingijohn@ymail.com', 'Ruhandika', 'Businessman', '', '', '0000-00-00', '0775123307'),
('54574', 'Ruhweza David', 'Male', '', 'Kaihokwa', '', '', '', '0000-00-00', '0772481735'),
('54953', 'Bright Emmanuel Costa', 'Male', '', 'Rwengoma', 'Businessman', '', '', '0000-00-00', '0782896573'),
('56161', 'Rugumayo Brian Manyindo', 'Male', '', 'Kyenjojo', 'Accountant', '', '', '0000-00-00', '0772658622'),
('56840', 'Kezaabu Harriet', 'Female', '', 'Harubaho', 'Housewife', '', '', '0000-00-00', ''),
('57219', 'Bingi John', 'Male', '', 'Ruhandika', 'Businessman', '', '', '0000-00-00', '0775123307'),
('58378', 'Badru Ismail', 'Male', '', 'Njara', 'Businessman', '', '', '0000-00-00', '0759219492'),
('58466', 'Bingi John', 'Male', '', 'Ruhandika', '', '', '', '0000-00-00', '0775123307'),
('58661', 'Akugizibwe John', 'Male', '', 'Kyenjojo', '', '', '', '0000-00-00', '0782813323'),
('58864', 'Kyaligonza Patrick Araali', 'Male', '', 'Ihani', '', '', '', '0000-00-00', '0773320877'),
('59194', 'Kansiime Joseeline', 'Female', '', 'Boma', 'Business woman', '', '', '0000-00-00', '0775727755'),
('59729', 'Birungi Peter', 'Male', '', 'Kyenjojo', '', '', '', '0000-00-00', '0392890819'),
('60059', 'Madina Sarah', 'Female', '', 'Kisenyi', '', '', '', '0000-00-00', '078759784'),
('60545', 'Bingi John', 'Male', '', '', '', '', '', '0000-00-00', '0775123307'),
('60781', 'Mayende Joseph', 'Male', '', 'Mugurusi RD', '', '', '', '0000-00-00', '0772070665'),
('62179', 'Asiimwe Richard', 'Male', '', 'Kyabukonkoni', 'Businessman', '', '', '0000-00-00', '0782991178'),
('62434', 'Mugume Wilson', 'Male', '', 'Kitembe', 'Businessman', '', '', '0000-00-00', '0748031190'),
('62822', 'Kyaligonza Patrick Araali', 'Male', '', 'Harubaho', '', '', '', '0000-00-00', '0773320877'),
('62989', 'Baguma Clovis Barwogeza', 'Male', '', 'Kisenyi', '', '', '', '0000-00-00', '0772614644'),
('64772', 'Mwebaze Charles', 'Male', '', 'Kanyalango', 'Teacher', '', '', '0000-00-00', '0772399417'),
('64821', 'Kemigisa Gorret', 'Female', '', 'Harubaho', 'Business woman', '', '', '0000-00-00', '0779484095'),
('64915', 'Sabiiti Yusto', 'Male', '', 'Njara Nsaho', 'Farmer', '', '', '0000-00-00', '0782992831'),
('65447', 'Katusabe Christine', 'Female', '', 'Rwengoma', '', '', '', '0000-00-00', '0776409770'),
('65546', 'Amanyire Tadeo', 'Male', '', 'Kabundaire', 'Businessman', '', '', '0000-00-00', '0701398132'),
('66379', 'Museven Jalia', 'Female', '', 'Fort portal', '', '', '', '0000-00-00', '0772611316'),
('66571', 'Nayiga Susan', 'Female', '', 'Rwengoma', 'Mechanic', '', '', '0000-00-00', '0785619067'),
('66651', 'Kabasambu Joyce', 'Female', '', 'Mugoma', '', '', '', '0000-00-00', '0785460387'),
('66692', 'Kabalisa Margret', 'Female', '', 'Bukwali', 'Businesswoman', '', '', '0000-00-00', '0778769336'),
('66826', 'Bingi John', 'Male', '', '', '', '', '', '0000-00-00', '0775123307'),
('67903', 'Baryeremwa Emanuel', 'Male', '', 'Kyenjojo', 'Business', '', '', '0000-00-00', '0783764757'),
('67947', 'Monday Robert', 'Male', '', 'Fort portal', 'Business man', '', '', '0000-00-00', '0782326161'),
('69908', 'Bingi John', 'Male', '', '', '', '', '', '0000-00-00', '0775123307'),
('69982', 'Nasasira Henry', 'Male', '', 'Rwengoma', '', '', '', '0000-00-00', '0757991900'),
('70372', 'Guma Ramathan', 'Male', '', 'Maguru', 'Broker', '', '', '0000-00-00', '0782339835'),
('70850', 'Byaruhanga Adolf', 'Male', '', 'Kyabukonkoni', '', '', '', '0000-00-00', '0782294440'),
('72188', 'Kansiime Teddy', 'Female', '', 'Kasusu', '', '', '', '0000-00-00', '0775460247'),
('72273', 'Bingi John', 'Male', '', 'Ruhandika', '', '', '', '0000-00-00', '0775123307'),
('72276', 'Magezi Anthoney', 'Male', '', 'Kampala', '', '', '', '0000-00-00', '0772853913'),
('73102', 'Winyi Jim', 'Male', '', 'Kakiiza rd', '', '', '', '0000-00-00', ''),
('73844', 'Baharagate Joseph', 'Male', '', 'Bukwali', '', '', '', '0000-00-00', '0782993881'),
('74077', 'Asiimwe Samuel', 'Male', '', 'Nyamitoma', 'Farmer', '', '', '0000-00-00', '0774079922'),
('74110', 'Museven Jalia', 'Female', '', 'Fortportal', '', '', '', '0000-00-00', '0772611316'),
('74146', 'Nyakaana Isagara', 'Male', '', 'Rwengoma', '', '', '', '0000-00-00', '0772485840'),
('75269', 'Byaruhanga Adolf', 'Male', '', 'Kyabukonkoni', 'Accountant', '', '', '0000-00-00', '0782294440'),
('75426', 'Kemigisa Gorret', 'Female', '', 'Bukwali', 'Business woman', '', '', '0000-00-00', '0779484095'),
('75462', 'MageziAntony', 'Male', '', 'Kampala', '', '', '', '0000-00-00', '0772853913'),
('76134', 'Bingi John', 'Male', '', 'Ruhandika', 'Businessman', '', '', '0000-00-00', '0775123307'),
('76656', 'Kansiime Joselyn', 'Female', '', 'Boma', 'Business woman', '', '', '0000-00-00', '0775727755'),
('77571', 'Byaruhanga Adolf', 'Male', '', 'Kyabukonkoni', 'Accountant', '', '', '0000-00-00', '0782294440'),
('78334', 'Rugumayo Brian Manyindo', 'Male', '', 'Kyenjojo', '', '', '', '0000-00-00', '0772658622'),
('78499', 'Magezi Betty', 'Female', '', 'Kagote', '', '', '', '0000-00-00', '0772229922'),
('78843', 'Kaahwa Erinem', 'Male', '', 'Kitumba', '', '', '', '0000-00-00', '0774080056'),
('79219', 'Kabatembuzi Joseline', 'Female', '', 'Harubaho', '', '', '', '0000-00-00', '0789926648'),
('80018', 'Bingi John', 'Male', '', 'Ruhandika Street', 'Businessman', '', '', '0000-00-00', '0775123307'),
('81106', 'Rwakihembo John', 'Male', '', 'Rutete', 'Accountant', '', '', '0000-00-00', '0774611497'),
('81276', 'Rugumayo Brian Manyindo', 'Male', '', 'Kyenjojo', 'Accountant', '', '', '0000-00-00', '0772658622'),
('81468', 'Mugenyi  Kenneth', 'Male', '', 'Kitumba', '', '', '', '0000-00-00', '0774599555'),
('81597', 'Bright Emmanuel', 'Male', '', 'Kisenyi', '', '', '', '0000-00-00', '0782896573'),
('81669', 'PCS', 'Male', '', '', '', '', '', '0000-00-00', '0775123307'),
('82174', 'Kabagumya Oliver', 'Female', '', 'Kitumba', '', '', '', '0000-00-00', '0701144290'),
('82290', 'Byaruhanga Fred', 'Male', '', 'Kyenjojo', '', '', '', '0000-00-00', '0787065427'),
('82905', 'Baseka Jimmy', 'Male', '', 'Mukubo', '', '', '', '0000-00-00', '0776736931'),
('83064', 'Rugumayo Brian Manyindo', 'Male', '', 'Kyenjojo', '', '', '', '0000-00-00', '0772658622'),
('84160', 'Basaija Joseph', 'Male', '', 'Nyamitoma', '', '', '', '0000-00-00', '0777293062'),
('84407', 'Museven Jalia', 'Female', '', 'Fort portal', '', '', '', '0000-00-00', '0772611316'),
('84998', 'Mshana Zainab', 'Female', '', 'Kagote', 'Social Worker', '', '', '0000-00-00', '0752130792'),
('85151', 'Rugumayo Brian Manyindo', 'Male', '', 'kyenjojo', '', '', '', '0000-00-00', '0772658622'),
('85541', 'MD', 'Male', '', 'Ruhandika Street', 'Businessman', '', '', '0000-00-00', '0775123307'),
('85558', 'Kanyunyuzi Violet', 'Female', '', 'Kidubuli', '', '', '', '0000-00-00', '0782751262'),
('85967', 'Bingi John', 'Male', 'bingijohn@ymail.com', 'Ruhandika Street', 'MD', '', '', '0000-00-00', '0775123307'),
('86500', 'Bingi John', 'Male', '', 'Ruhandika', '', '', '', '0000-00-00', '0775123307'),
('86673', 'Halled ALI', 'Male', '', 'Njara', 'Business man', '', '', '0000-00-00', '0704489015'),
('86898', 'Rugumayo Brian Manyindo', 'Male', '', 'Kyenjojo', 'Accountant', '', '', '0000-00-00', '0772658622'),
('86909', 'Olimi Brian', 'Male', '', 'Rwengoma', '', '', '', '0000-00-00', '0777747423'),
('87176', 'Friday Pelusi Bwango', 'Female', '', 'Nyakagongo', '', '', '', '0000-00-00', '0782870600'),
('87541', 'Museven Jalia', 'Female', '', 'Fortportal', '', '', '', '0000-00-00', '0772611316'),
('87802', 'Kibeeru Ibrahim', 'Male', '', 'Nyabukara', '', '', '', '0000-00-00', '0778503701'),
('88038', 'Birungi Polly Lawrence', 'Male', '', 'Rwengoma', '', '', '', '0000-00-00', '0772418969'),
('88211', 'Sabiiti Yusto', 'Male', '', 'Njara', 'Farmer', '', '', '0000-00-00', '0782992831'),
('88313', 'Kankya Eddie', 'Male', '', 'Njara', '', '', '', '0000-00-00', '0782777472'),
('88813', 'Nyakaana Isagaara', 'Male', '', 'Rwengoma', '', '', '', '0000-00-00', '0772485840'),
('88917', 'Mwesige Christopher', 'Male', '', 'Buteebe', 'Driver', '', '', '0000-00-00', '0704299172'),
('89628', 'Kansiime Teddy', 'Female', '', 'Kasusu', '', '', '', '0000-00-00', '0775460247'),
('90332', 'Byaruhanga Adolf', 'Male', '', 'Kyabukonkoni', 'Accountant', '', '', '0000-00-00', '0782294440'),
('90452', 'Byaruhanga Adolf', 'Male', '', 'Kyabukonkoni', 'Accountant', '', '', '0000-00-00', '0782294440'),
('90603', 'Nyakoojo Yakubu', 'Male', '', 'Buraro', '', '', '', '0000-00-00', '0782568457'),
('90678', 'Byaruhanga Adolf', 'Male', '', 'Kyabukonkoni', 'Accountant', '', '', '0000-00-00', '0782294440'),
('90686', 'Magezi Anthony', 'Male', '', 'Kampala', 'Businessman', '', '', '0000-00-00', '0772853913'),
('90776', 'Nyakake Daphine', 'Female', '', 'Harubaho', '', '', '', '0000-00-00', '0789267912'),
('90908', 'Kajoina Margrate', 'Female', '', 'Bukwali', 'Hair dresser', '', '', '0000-00-00', '0786367292'),
('93232', 'Winyi Jim', 'Male', '', 'Kakiiza RD', '', '', '', '0000-00-00', ''),
('93262', 'Bingi John', '--Sele', '', '', '', '', '', '0000-00-00', '0775123307'),
('93386', 'Nayiga Susan', 'Female', '', 'Rwengoma', 'Businesswoman', '', '', '0000-00-00', '0785619067'),
('93677', 'Mugenyi Kenneth', 'Male', '', 'Kitumba', '', '', '', '0000-00-00', '0774599555'),
('93702', 'Rugumayo Brian Manyindo', 'Male', '', 'Kyenjojo', '', '', '', '0000-00-00', '0772658622'),
('93965', 'Kakyo Halima', 'Female', '', 'Kagote', '', '', '', '0000-00-00', '0785527860'),
('94276', 'Bingi John', 'Male', 'bingijohn2ymail.com', 'Ruhandika', 'Businessman', '', '', '0000-00-00', '0775123307'),
('94679', 'Tumwebaze Gladys', 'Female', '', 'Kibimba', 'Business woman', '', '', '0000-00-00', '0773987378'),
('94712', 'Nayiga Susan', 'Female', '', 'Rwengoma', 'Businesswoman', '', '', '0000-00-00', '0785619067'),
('97341', 'Nanshemeza Winnie', 'Female', '', 'Kisenyi', '', '', '', '0000-00-00', '0757124771'),
('97346', 'Museven Jalia', 'Female', '', 'Fortportal', '', '', '', '0000-00-00', '0772611316'),
('97654', 'Mbabazi Janiffer', 'Female', '', 'Kaihorwa', '', '', '', '0000-00-00', '0782843816'),
('97736', 'Kakyo Halima', 'Female', '', 'Kagote', '', '', '', '0000-00-00', '0785527860'),
('97742', 'Rugumayo Brian Manyindo', 'Male', '', 'Kyenjojo', 'Accountant', '', '', '0000-00-00', '0772658622'),
('97843', 'Mugabi Steven', 'Male', '', 'Kagote', 'Business man', '', '', '0000-00-00', '0773823321'),
('98319', 'Prime commercial services Kyenjojo', '--Sele', '', '', '', '', '', '0000-00-00', ''),
('98626', 'Kabalisa Margret', 'Female', '', 'Bukwali', 'Businesswoman', '', '', '0000-00-00', '0778769336'),
('99406', 'Baguma Mathias', 'Male', '', 'Karugutu', '', '', '', '0000-00-00', '0775123307'),
('99469', 'Bingi John', 'Male', '', '', '', '', '', '0000-00-00', '077512337'),
('99783', 'Nyakaana Isagaara', 'Male', '', 'Rwengoma', '', '', '', '0000-00-00', '0772485840'),
('99909', 'Bingi John', 'Male', '', 'Ruhandika', '', '', '', '0000-00-00', '0775123307');

-- --------------------------------------------------------

--
-- Table structure for table `loan_payments`
--

CREATE TABLE IF NOT EXISTS `loan_payments` (
  `id` char(10) NOT NULL,
  `amount_paid` int(20) NOT NULL,
  `pay_date` date NOT NULL,
  `user` char(20) NOT NULL,
  `client` char(20) NOT NULL,
  `loan` char(20) NOT NULL,
  PRIMARY KEY (`id`)
) ENGINE=InnoDB DEFAULT CHARSET=latin1;

--
-- Dumping data for table `loan_payments`
--

INSERT INTO `loan_payments` (`id`, `amount_paid`, `pay_date`, `user`, `client`, `loan`) VALUES
('117111', 4736000, '2017-12-04', '', '284213', '371884'),
('130569', 11736700, '2018-05-25', '', '108761', '256610'),
('170037', 54000, '2018-09-10', '', '675244', '675244'),
('180749', 2000000, '2018-04-14', '', '776318', '109942'),
('255758', 750000, '2018-02-05', '', '594906', '264163'),
('260290', 120000, '2018-03-05', '', '597708', '257186'),
('331811', 120000, '2018-04-04', '', '597708', '257186'),
('382073', 120000, '2017-12-04', '', '597708', '257186'),
('418823', 109000, '2018-08-07', '', '377459', '354580'),
('443817', 750000, '2017-12-30', '', '594906', '264163'),
('664999', 120000, '2018-01-04', '', '597708', '257186'),
('678182', 1000000, '2018-06-30', '', '377459', '354580'),
('799005', 12100000, '2018-06-30', '', '108761', '252133'),
('821170', 100000, '2018-09-10', '', '675244', '675244'),
('838253', 120000, '2018-02-04', '', '597708', '257186'),
('857754', 590000, '2018-02-24', '', '776318', '109942'),
('880056', 54000, '2017-12-23', '', '267623', '675244');

-- --------------------------------------------------------

--
-- Table structure for table `loan_security`
--

CREATE TABLE IF NOT EXISTS `loan_security` (
  `id` char(10) NOT NULL,
  `security` char(50) NOT NULL,
  `value` int(20) NOT NULL,
  `type` char(30) NOT NULL,
  `serial_no` char(50) NOT NULL,
  `regDate` date NOT NULL,
  `desc` varchar(100) NOT NULL,
  `loan` char(20) NOT NULL,
  `client` char(20) NOT NULL,
  PRIMARY KEY (`id`)
) ENGINE=InnoDB DEFAULT CHARSET=latin1;

--
-- Dumping data for table `loan_security`
--

INSERT INTO `loan_security` (`id`, `security`, `value`, `type`, `serial_no`, `regDate`, `desc`, `loan`, `client`) VALUES
('10019', 'PCS', 0, '', '', '1970-01-01', '', '928808', '108761'),
('10497', 'Plot', 0, '', '', '1970-01-01', '', '174102', '864154'),
('10546', 'Cheque', 2300000, '', '', '1970-01-01', '', '368835', '262762'),
('10582', 'Cheque', 0, '', '', '1970-01-01', '', '993655', '243234'),
('11279', 'Saloon', 0, '', '', '1970-01-01', '', '763958', '875085'),
('11647', 'Cheque', 0, '', '', '1970-01-01', '', '642477', '206732'),
('11856', 'Logbook', 15000000, '', '', '1970-01-01', '', '488806', '662390'),
('12021', 'Plot', 15000000, '', '', '1970-01-01', '', '228292', '149081'),
('12466', 'House', 30000000, '', '', '1970-01-01', '', '209863', '638385'),
('12724', 'cheque', 1300000, '', '', '1970-01-01', '', '781866', '645855'),
('12991', 'Household Items', 0, '', '', '1970-01-01', '', '557415', '463345'),
('13518', 'Cheque', 0, '', '', '1970-01-01', '', '176684', '438708'),
('13930', 'Cheque', 1300000, '', '', '1970-01-01', '', '533218', '645855'),
('14174', 'PCS', 0, '', '', '1970-01-01', '', '241833', '460928'),
('14625', 'Saloon', 0, '', '', '1970-01-01', '', '251281', '873767'),
('15039', 'Land', 10000000, '', '', '1970-01-01', '', '911944', '274929'),
('18171', 'Plot', 0, '', '', '1970-01-01', '', '978604', '558157'),
('18942', 'Boutigue', 3500000, '', '', '1970-01-01', '', '454116', '789859'),
('19159', 'Household items', 0, '', '', '1970-01-01', '', '488641', '930072'),
('19533', 'PCS', 0, '', '', '1970-01-01', '', '634924', '220932'),
('20159', 'PCS', 0, '', '', '1970-01-01', '', '667196', '403442'),
('20310', 'Cheque', 0, '', '', '1970-01-01', '', '712405', '456918'),
('20761', 'Plot', 6000000, '', '', '1970-01-01', '', '388885', '373532'),
('21282', 'PCS', 0, '', '', '1970-01-01', '', '216894', '108761'),
('22030', 'Grinding Machine', 0, '', '', '1970-01-01', '', '527258', '812216'),
('23087', 'Saloon', 10000000, '', '', '1970-01-01', '', '329312', '138479'),
('23200', 'Standing Order', 2900000, '', '', '1970-01-01', '', '109942', '776318'),
('23504', 'Cheque', 0, '', '', '1970-01-01', '', '581201', '405117'),
('23609', 'House hold', 2000000, '', '', '1970-01-01', '', '439230', '346752'),
('23996', 'Land', 6000000, '', '', '1970-01-01', '', '951083', '121780'),
('24035', 'Cheque', 0, '', '', '1970-01-01', '', '954077', '481802'),
('24598', 'Saloon', 0, '', '', '1970-01-01', '', '816665', '188934'),
('24680', 'Logbook', 35000000, '', '', '1970-01-01', '', '873822', '263833'),
('26633', 'Cheque', 0, '', '', '1970-01-01', '', '450848', '904061'),
('26682', 'PCS', 0, '', '', '1970-01-01', '', '556289', '108761'),
('26902', 'Contract', 6000000, '', '', '1970-01-01', '', '293963', '680764'),
('27355', 'Plot', 0, '', '', '1970-01-01', '', '156277', '264794'),
('28297', 'Boutique', 0, '', '', '1970-01-01', '', '865335', '321401'),
('29096', 'PCS', 0, '', '', '1970-01-01', '', '442031', '108761'),
('29264', 'Chartels', 0, '', '', '1970-01-01', '', '525473', '359579'),
('29281', 'Plot', 0, '', '', '1970-01-01', '', '453347', '758547'),
('29311', 'Logbook', 9000000, '', '', '1970-01-01', '', '718997', '585458'),
('29772', 'PCS', 0, '', '', '1970-01-01', '', '463812', '758547'),
('30519', 'Plot', 8000000, '', '', '1970-01-01', '', '182150', '845642'),
('31362', 'PCS', 0, '', '', '1970-01-01', '', '277017', '108761'),
('31761', 'Restaurant', 0, '', '', '1970-01-01', '', '688372', '623910'),
('32219', 'Plot', 0, '', '', '1970-01-01', '', '973770', '270947'),
('33071', 'PCS', 0, '', '', '1970-01-01', '', '393307', '423959'),
('33829', 'logbook', 35000000, '', '', '1970-01-01', '', '633825', '877941'),
('34455', 'Plot', 0, '', '', '1970-01-01', '', '559695', '183468'),
('34595', 'Land', 6000000, '', '', '1970-01-01', '', '239334', '121780'),
('34631', 'Machines', 0, '', '', '1970-01-01', '', '449172', '551785'),
('34672', 'Plot', 3000000, '', '', '1970-01-01', '', '992556', '953363'),
('34776', 'Chartels', 0, '', '', '1970-01-01', '', '267019', '755856'),
('34927', 'Cheque', 0, '', '', '1970-01-01', '', '558981', '438708'),
('34952', 'PCS', 0, '', '', '1970-01-01', '', '446179', '735971'),
('35359', 'Logbook', 9000000, '', '', '1970-01-01', '', '360595', '585458'),
('35567', 'Saloon', 0, '', '', '1970-01-01', '', '762365', '495040'),
('37122', 'Title', 50000000, '', '', '1970-01-01', '', '659039', '886840'),
('38377', 'Logbook', 35000000, '', '', '1970-01-01', '', '147872', '263833'),
('38399', 'Video camera', 1500000, '', '', '1970-01-01', '', '788815', '468069'),
('38916', 'Saloon', 1500000, '', '', '1970-01-01', '', '550961', '162814'),
('39267', 'Cheque', 700000, '', '', '1970-01-01', '', '838693', '829629'),
('39602', 'PCS', 0, '', '', '1970-01-01', '', '668295', '724133'),
('39899', 'Cheque', 0, '', '', '1970-01-01', '', '244305', '438708'),
('40154', 'Saloon', 10000000, '', '', '1970-01-01', '', '838775', '289541'),
('40259', 'PCS', 0, '', '', '1970-01-01', '', '803564', '724133'),
('40800', 'Cheque', 0, '', '', '1970-01-01', '', '473645', '375152'),
('41319', 'Logbook', 1000000, '', '', '1970-01-01', '', '554449', '108706'),
('41569', 'Boutique', 2000000, '', '', '1970-01-01', '', '798950', '142214'),
('42126', 'shop', 0, '', '', '1970-01-01', '', '627755', '889093'),
('43277', 'Cheque', 0, '', '', '1970-01-01', '', '760937', '166467'),
('43283', 'PCS', 0, '', '', '1970-01-01', '', '286740', '163995'),
('43305', 'PCS', 0, '', '', '1970-01-01', '', '252133', '108761'),
('45661', 'Cheque', 0, '', '', '1970-01-01', '', '220272', '481802'),
('46551', 'Boutique', 6000000, '', '', '1970-01-01', '', '465597', '679199'),
('46644', 'Household items', 3000000, '', '', '1970-01-01', '', '552444', '585211'),
('47814', 'PCS', 0, '', '', '1970-01-01', '', '635556', '108761'),
('48888', 'Bar', 0, '', '', '1970-01-01', '', '246667', '690625'),
('49100', 'Cheque', 0, '', '', '1970-01-01', '', '649069', '359579'),
('50866', 'Grinding Machine', 0, '', '', '1970-01-01', '', '934603', '974401'),
('51352', 'Land', 12000000, '', '', '1970-01-01', '', '264163', '594906'),
('51374', 'Plot', 5000000, '', '', '1970-01-01', '', '622317', '188934'),
('51382', 'Cheque', 0, '', '', '1970-01-01', '', '220272', '481802'),
('51904', 'Plot', 5000000, '', '', '1970-01-01', '', '837484', '666290'),
('52462', 'Boutique', 3500000, '', '', '1970-01-01', '', '441976', '789859'),
('53041', 'Saloon', 2500000, '', '', '1970-01-01', '', '907522', '162814'),
('53225', 'Saloon', 0, '', '', '1970-01-01', '', '901672', '669970'),
('54837', 'logbook', 0, '', '', '1970-01-01', '', '311734', '243234'),
('55123', 'cheque', 3080000, 'post dated cheque', '', '1970-01-01', '', '392456', '243234'),
('55554', 'Cheque', 0, '', '', '1970-01-01', '', '354580', '377459'),
('55645', 'Logbook', 35000000, '', '', '1970-01-01', '', '859622', '263833'),
('55725', 'Plot', 10000000, '', '', '1970-01-01', '', '123428', '284213'),
('55845', 'Plot', 5000000, '', '', '1970-01-01', '', '297067', '989370'),
('55851', 'Shop', 5000000, '', '', '1970-01-01', '', '907302', '854705'),
('56419', 'Logbook', 35000000, '', '', '1970-01-01', '', '749868', '343127'),
('56499', 'Logbook', 0, '', '', '1970-01-01', '', '915103', '240872'),
('56680', 'Cheque', 0, '', '', '1970-01-01', '', '945974', '481802'),
('56919', 'Plot', 0, '', '', '1970-01-01', '', '500643', '864154'),
('57936', 'Plot', 9000000, '', '', '1970-01-01', '', '804251', '642779'),
('58013', 'Logbook', 35000000, '', '', '1970-01-01', '', '115710', '585458'),
('58345', 'Lockup', 0, '', '', '1970-01-01', '', '832760', '267623'),
('58356', 'Plot', 0, '', '', '1970-01-01', '', '684857', '732098'),
('58386', 'Shop', 3000000, '', '', '1970-01-01', '', '222030', '897634'),
('58825', 'PCS', 0, '', '', '1970-01-01', '', '599877', '163995'),
('59452', 'House Hold', 2000000, '', '', '1970-01-01', '', '381030', '346752'),
('60397', 'PCS', 0, '', '', '1970-01-01', '', '908428', '403442'),
('61012', 'Cheque', 0, '', '', '1970-01-01', '', '485675', '834902'),
('61737', 'Cheque', 0, '', '', '1970-01-01', '', '671371', '727291'),
('63184', 'Shop', 5000000, '', '', '1970-01-01', '', '171823', '854705'),
('63206', 'Cheque', 1300000, '', '', '1970-01-01', '', '512673', '680764'),
('63319', 'SHop', 0, '', '', '1970-01-01', '', '272595', '488476'),
('63363', 'Cheque', 0, '', '', '1970-01-01', '', '282070', '917190'),
('63808', 'Plot', 0, '', '', '1970-01-01', '', '777526', '178414'),
('64695', 'Plot', 0, '', '', '1970-01-01', '', '802410', '206732'),
('65027', 'Chartels', 0, '', '', '1970-01-01', '', '155865', '940921'),
('65187', 'Boutique', 3000000, '', '', '1970-01-01', '', '665328', '142214'),
('65189', 'Cheque', 0, '', '', '1970-01-01', '', '649838', '460928'),
('65802', 'PCS', 0, '', '', '1970-01-01', '', '329202', '108761'),
('66307', 'Land', 5000000, '', '', '1970-01-01', '', '140759', '121780'),
('66395', 'Plot', 8000000, '', '', '1970-01-01', '', '184457', '436621'),
('66705', 'Plot', 0, '', '', '1970-01-01', '', '659616', '596389'),
('66900', 'Plot', 3000000, '', '', '1970-01-01', '', '401190', '953363'),
('67279', 'Logbook', 35000000, '', '', '1970-01-01', '', '664202', '877941'),
('67312', 'Logbook', 25000000, 'Noah Voxy', '', '1970-01-01', '', '213873', '233703'),
('67944', 'PCS', 0, '', '', '1970-01-01', '', '145016', '220932'),
('68892', 'Saloon', 3000000, '', '', '1970-01-01', '', '606607', '145840'),
('69441', 'PCS', 0, '', '', '1970-01-01', '', '714602', '460928'),
('69603', 'Plot', 8000000, '', '', '1970-01-01', '', '970007', '845642'),
('70097', 'Stationery', 5000000, '', '', '1970-01-01', '', '147378', '394515'),
('70331', 'Boutique', 6000000, '', '', '1970-01-01', '', '543792', '679199'),
('70644', 'Plot', 0, '', '', '1970-01-01', '', '562277', '170779'),
('71545', 'Cheque', 3000000, '', '', '1970-01-01', '', '548571', '704852'),
('72740', 'Shop', 0, '', '', '1970-01-01', '', '914993', '889093'),
('73042', 'Logbook', 35000000, '', '', '1970-01-01', '', '267047', '263833'),
('73069', 'PCS', 300000000, '', '', '1970-01-01', '', '334420', '108761'),
('73275', 'Plot', 8000000, '', '', '1970-01-01', '', '615698', '436621'),
('73283', 'Chartels', 0, '', '', '1970-01-01', '', '909939', '914086'),
('73561', 'PCS', 0, '', '', '1970-01-01', '', '122164', '289624'),
('74701', 'Title', 100000000, '', '', '1970-01-01', '', '636434', '886840'),
('75596', 'cheque', 0, '', '', '1970-01-01', '', '376113', '644317'),
('76763', 'Boutique', 0, '', '', '1970-01-01', '', '371527', '321401'),
('77395', 'Cheque', 36000000, '', '', '1970-01-01', '', '251309', '104394'),
('77439', 'Land', 25000000, '', '', '1970-01-01', '', '813424', '483010'),
('77876', 'Plot', 0, '', '', '1970-01-01', '', '507153', '264794'),
('78768', 'Plot', 5000000, '', '', '1970-01-01', '', '710208', '823394'),
('79013', 'Boutique', 2000000, '', '', '1970-01-01', '', '860418', '142214'),
('79178', 'Logbook', 0, '', '', '1970-01-01', '', '235379', '243234'),
('79320', 'Log book', 35, '', '', '1970-01-01', '', '616687', '343127'),
('80219', 'Cheque', 0, '', '', '1970-01-01', '', '762475', '456918'),
('80361', 'PCS', 0, '', '', '1970-01-01', '', '256610', '108761'),
('80499', 'PCS', 50000000, '', '', '1970-01-01', '', '204837', '108761'),
('80529', 'PCS', 0, '', '', '1970-01-01', '', '412725', '108761'),
('80559', 'Boutique', 2000000, '', '', '1970-01-01', '', '994754', '142214'),
('81188', 'Plot', 10000000, '', '', '1970-01-01', '', '371884', '284213'),
('81510', 'Screen', 6000000, '', '', '1970-01-01', '', '257186', '597708'),
('81567', 'Lock up', 1000000, '', '', '1970-01-01', '', '675244', '267623'),
('82037', 'PCS', 0, '', '', '1970-01-01', '', '452468', '108761'),
('82144', 'Pcs', 0, '', '', '1970-01-01', '', '463867', '727291'),
('82647', 'Plot', 0, '', '', '1970-01-01', '', '725204', '675354'),
('82699', 'Logbook', 35000000, '', '', '1970-01-01', '', '163720', '263833'),
('82916', 'Plot', 0, '', '', '1970-01-01', '', '917218', '675354'),
('83457', 'Saloon', 0, '', '', '1970-01-01', '', '635308', '400997'),
('83910', 'Plot', 7000000, '', '', '1970-01-01', '', '390725', '116040'),
('84577', 'Logbook', 35000000, '', '', '1970-01-01', '', '500588', '877941'),
('84641', 'Logbook', 0, '', '', '1970-01-01', '', '552059', '243234'),
('85253', 'Boutique', 7000000, '', '', '1970-01-01', '', '643328', '358590'),
('85272', 'PCS', 0, '', '', '1970-01-01', '', '852700', '724133'),
('85399', 'PCS', 0, '', '', '1970-01-01', '', '513140', '724133'),
('85731', 'Logbook', 35000000, '', '', '1970-01-01', '', '360211', '877941'),
('85948', 'Saloon', 0, '', '', '1970-01-01', '', '447964', '400997'),
('86464', 'Lockup', 0, '', '', '1970-01-01', '', '356585', '990771'),
('86555', 'Boutique', 0, '', '', '1970-01-01', '', '369165', '321401'),
('86950', 'Bar', 2500000, '', '', '1970-01-01', '', '649920', '324066'),
('87047', 'Plot', 6000000, '', '', '1970-01-01', '', '535250', '116040'),
('87434', 'Saloon', 1800000, '', '', '1970-01-01', '', '806860', '495040'),
('87766', 'Cheque', 0, '', '', '1970-01-01', '', '945535', '644317'),
('87884', 'Pcs', 0, '', '', '1970-01-01', '', '710043', '530224'),
('88121', 'Cheque', 1725000, 'post dated cheque', '', '1970-01-01', '', '586309', '269903'),
('88132', 'Stationery', 5000000, '', '', '1970-01-01', '', '358013', '394515'),
('88153', 'Plot', 0, '', '', '1970-01-01', '', '375509', '823394'),
('88522', 'Plot', 15, '', '', '1970-01-01', '', '371691', '484109'),
('88961', 'Logbook', 9000000, '', '', '1970-01-01', '', '845697', '585458'),
('89900', 'Cheque', 1300000, '', '', '1970-01-01', '', '302642', '530224'),
('91449', 'Cheque', 1500000, '', '', '1970-01-01', '', '896041', '815402'),
('92474', 'Plot', 0, '', '', '1970-01-01', '', '448019', '706170'),
('92578', 'Bar', 0, '', '', '1970-01-01', '', '858441', '543600'),
('92633', 'PCS', 0, '', '', '1970-01-01', '', '497485', '108761'),
('92845', 'Dairy business', 5000000, '', '', '1970-01-01', '', '216757', '977862'),
('93048', 'Plot', 0, '', '', '1970-01-01', '', '952868', '426568'),
('93284', 'Plot', 7000000, '', '', '1970-01-01', '', '297232', '484109'),
('93490', 'Cheque', 0, '', '', '1970-01-01', '', '914443', '377459'),
('94375', 'PCS', 0, '', '', '1970-01-01', '', '673980', '217828'),
('94427', 'Logbook', 9000000, '', '', '1970-01-01', '', '298165', '585458'),
('94594', 'Power saw', 2500000, '', '', '1970-01-01', '', '453594', '578482'),
('94608', 'Plot', 15000000, '', '', '1970-01-01', '', '130706', '149081'),
('95009', 'Chartels', 0, '', '', '1970-01-01', '', '218075', '755856'),
('95193', 'Motor cycle', 3000000, 'Bajaj boxer', '', '1970-01-01', '', '804553', '964514'),
('95372', 'Saloon', 0, '', '', '1970-01-01', '', '976983', '173773'),
('95432', 'PCS', 0, '', '', '1970-01-01', '', '190966', '220932'),
('95435', 'Chartels', 0, '', '', '1970-01-01', '', '273748', '585211'),
('95613', 'Stationery', 5000000, '', '', '1970-01-01', '', '648986', '394515'),
('95773', 'Retail shop', 2500000, '', '', '1970-01-01', '', '144494', '520584'),
('96053', 'Cheque', 0, '', '', '1970-01-01', '', '982998', '456918'),
('96113', 'PCS', 0, '', '', '1970-01-01', '', '179101', '530224'),
('97151', 'PCS', 0, '', '', '1970-01-01', '', '652722', '108761'),
('97599', 'Cheque', 0, '', '', '1970-01-01', '', '858166', '206732'),
('98368', 'Bar', 0, '', '', '1970-01-01', '', '930813', '690625'),
('98566', 'Boutique', 3500000, '', '', '1970-01-01', '', '942486', '789859'),
('98574', 'Plot', 0, '', '', '1970-01-01', '', '734020', '558157'),
('98637', 'PCS', 0, '', '', '1970-01-01', '', '674035', '724133'),
('98953', 'PCS', 0, '', '', '1970-01-01', '', '670904', '217828'),
('99692', 'PCS', 0, '', '', '1970-01-01', '', '397592', '477572'),
('99870', 'Lock up', 5000000, '', '', '1970-01-01', '', '880249', '225189');

-- --------------------------------------------------------

--
-- Table structure for table `staff`
--

CREATE TABLE IF NOT EXISTS `staff` (
  `id` char(15) NOT NULL,
  `staff_no` char(20) NOT NULL,
  `staff_names` char(50) NOT NULL,
  `contacts` char(15) NOT NULL,
  `email` varchar(100) NOT NULL,
  `residance` char(50) NOT NULL,
  `occupation` char(50) NOT NULL,
  `regDate` date NOT NULL,
  `gender` char(10) NOT NULL,
  `status` char(2) NOT NULL,
  `nok` char(50) NOT NULL,
  `nok_contacts` char(20) NOT NULL,
  `staff_type` char(20) NOT NULL,
  PRIMARY KEY (`id`)
) ENGINE=InnoDB DEFAULT CHARSET=latin1;

/*!40101 SET CHARACTER_SET_CLIENT=@OLD_CHARACTER_SET_CLIENT */;
/*!40101 SET CHARACTER_SET_RESULTS=@OLD_CHARACTER_SET_RESULTS */;
/*!40101 SET COLLATION_CONNECTION=@OLD_COLLATION_CONNECTION */;
