-- phpMyAdmin SQL Dump
-- version 5.0.2
-- https://www.phpmyadmin.net/
--
-- Host: 127.0.0.1:3306
-- Generation Time: Jul 07, 2024 at 08:28 AM
-- Server version: 5.7.31
-- PHP Version: 7.4.9

SET SQL_MODE = "NO_AUTO_VALUE_ON_ZERO";
START TRANSACTION;
SET time_zone = "+00:00";


/*!40101 SET @OLD_CHARACTER_SET_CLIENT=@@CHARACTER_SET_CLIENT */;
/*!40101 SET @OLD_CHARACTER_SET_RESULTS=@@CHARACTER_SET_RESULTS */;
/*!40101 SET @OLD_COLLATION_CONNECTION=@@COLLATION_CONNECTION */;
/*!40101 SET NAMES utf8mb4 */;

--
-- Database: `loans`
--

-- --------------------------------------------------------

--
-- Table structure for table `branches`
--

DROP TABLE IF EXISTS `branches`;
CREATE TABLE IF NOT EXISTS `branches` (
  `id` char(10) CHARACTER SET utf8mb4 COLLATE utf8mb4_bin NOT NULL,
  `branch_name` char(50) COLLATE utf8mb4_unicode_ci NOT NULL,
  `contact_email` varchar(191) COLLATE utf8mb4_unicode_ci DEFAULT NULL,
  `contact_phone` char(50) COLLATE utf8mb4_unicode_ci DEFAULT NULL,
  `address` varchar(100) COLLATE utf8mb4_unicode_ci DEFAULT NULL,
  `created_at` timestamp NULL DEFAULT NULL,
  PRIMARY KEY (`id`)
) ENGINE=MyISAM AUTO_INCREMENT=3 DEFAULT CHARSET=utf8mb4 COLLATE=utf8mb4_unicode_ci;

--
-- Dumping data for table `branches`
--

INSERT INTO `branches` (`id`, `branch_name`, `contact_email`, `contact_phone`, `address`, `created_at`) VALUES
('2', 'GWANDA SHOPPING MALL', 'info@gepfinance.com', '0706103992', 'GWANDA SHOPPING MALL BRANCH ROOM NO:IT 72\r\nGISENYI OPPOSITE SMART CITY BAZZER MARKET KAMPALA', '2023-03-06 15:54:07'),
('00010', '', NULL, NULL, NULL, NULL),
('9693', 'New Branch', 'example@gmail.com', '', 'Najeera', '2023-04-07 21:00:00'),
('7256', 'Extended Branch', 'example@gmail.com', '', 'Najeera', '2023-04-07 21:00:00');

-- --------------------------------------------------------

--
-- Table structure for table `clients`
--

DROP TABLE IF EXISTS `clients`;
CREATE TABLE IF NOT EXISTS `clients` (
  `id` char(10) CHARACTER SET utf8mb4 COLLATE utf8mb4_bin NOT NULL,
  `first_name` varchar(50) COLLATE utf8mb4_unicode_ci NOT NULL,
  `last_name` varchar(50) COLLATE utf8mb4_unicode_ci NOT NULL,
  `contacts` varchar(50) COLLATE utf8mb4_unicode_ci DEFAULT NULL,
  `email` varchar(100) COLLATE utf8mb4_unicode_ci DEFAULT NULL,
  `residance` text COLLATE utf8mb4_unicode_ci,
  `business_name` varchar(100) COLLATE utf8mb4_unicode_ci DEFAULT NULL,
  `gender` varchar(10) COLLATE utf8mb4_unicode_ci DEFAULT NULL,
  `city` varchar(191) COLLATE utf8mb4_unicode_ci DEFAULT NULL,
  `date_created` datetime DEFAULT NULL,
  `date_modify` datetime DEFAULT NULL,
  `photo_dir` varchar(191) COLLATE utf8mb4_unicode_ci DEFAULT NULL,
  `branch_id` char(10) COLLATE utf8mb4_unicode_ci DEFAULT NULL,
  `status` char(2) COLLATE utf8mb4_unicode_ci NOT NULL,
  `data_id` char(10) COLLATE utf8mb4_unicode_ci NOT NULL,
  PRIMARY KEY (`id`)
) ENGINE=MyISAM AUTO_INCREMENT=59 DEFAULT CHARSET=utf8mb4 COLLATE=utf8mb4_unicode_ci;

--
-- Dumping data for table `clients`
--

INSERT INTO `clients` (`id`, `first_name`, `last_name`, `contacts`, `email`, `residance`, `business_name`, `gender`, `city`, `date_created`, `date_modify`, `photo_dir`, `branch_id`, `status`, `data_id`) VALUES
('8', 'Muhumuza', 'victor', '0758369256', NULL, 'kasubi', 'cobbler', NULL, NULL, '2023-03-25 00:00:00', NULL, '1678183358WhatsApp Image 2023-03-07 at 12.57.07 AM (1).jpeg', '2', '01', '8'),
('5', 'Namutebi', 'prossy', '0704947618', NULL, 'Busabara', 'Grocery', NULL, 'kampala', '2023-03-25 00:00:00', NULL, 'default.png', '2', '01', '5'),
('6', 'Ssebagala', 'jamiru', '0757049341', NULL, 'kafumbe.mukasa', 'wholesale shop', NULL, 'kampala', '2023-03-25 00:00:00', NULL, 'default.png', '2', '01', '6'),
('7', 'Mugisu', 'hindu', '0742392348', NULL, 'GANDA', 'vegetables', NULL, 'kampala', '2023-03-25 00:00:00', NULL, 'default.png', '2', '01', '7'),
('4', 'Mutesi', 'Frazia', '0780491616', NULL, 'Namugona', 'onions', 'male', 'KAMPALA', '2023-03-25 00:00:00', NULL, '1678089996WhatsApp Image 2023-03-06 at 12.00.55 AM.jpeg', '2', '01', '4'),
('9', 'Nanyonga', 'lydia', '0759544197', NULL, 'Nansana', 'Drinks', NULL, 'kampala', '2023-03-25 00:00:00', NULL, '1678183316WhatsApp Image 2023-03-07 at 12.57.07 AM (2).jpeg', '2', '01', '9'),
('10', 'Baguma', 'Wilberforce', '0703096878', '', 'kasatu', 'charcoal seller', '', 'kampala', '2023-03-25 00:00:00', '2023-05-19 04:46:34', '1678183264WhatsApp Image 2023-03-07 at 12.57.07 AM (3).jpeg', '2', '01', '100'),
('11', 'Namusisi', 'Bitamisi', '0705280356', NULL, 'seta gayaza road', 'hotel', NULL, 'kampala', '2023-03-25 00:00:00', NULL, 'default.png', '2', '01', '11'),
('12', 'Nassaka', 'Annet', '0750406092', NULL, 'Mpelerwe', 'bussiness  woman', 'male', 'kampala', '2023-03-25 00:00:00', NULL, '1678183056WhatsApp Image 2023-03-07 at 12.57.08 AM.jpeg', '2', '01', '12'),
('13', 'Mayano', 'juma', '0751988445', NULL, 'katumba mukasa road', 'Bodaboda', 'male', 'kampala', '2023-03-25 00:00:00', NULL, '1678182813WhatsApp Image 2023-03-07 at 12.57.08 AM (2).jpeg', '2', '01', '13'),
('14', 'Ochieng', 'Charles', '0705257744', NULL, 'mutungo', 'bar', 'male', 'kampala', '2023-03-25 00:00:00', NULL, 'default.png', '2', '01', '14'),
('15', 'Ssettumba', 'Lwanga', '0700379723', NULL, 'Budo', 'motor repairing', 'male', 'kampala', '2023-03-25 00:00:00', NULL, '1678182748WhatsApp Image 2023-03-07 at 12.57.08 AM (4).jpeg', '2', '01', '15'),
('16', 'Muwonge', 'patrick', '0708617283', NULL, 'NSAMBYA WEST', 'water melon vender', 'male', 'kampala', '2023-03-25 00:00:00', NULL, '1678182681WhatsApp Image 2023-03-07 at 12.57.08 AM (6).jpeg', '2', '01', '16'),
('17', 'Ndibwami solomon', 'musuhukye', '0772423540', NULL, 'kirruddu.buziga', 'printing', 'male', 'kampala', '2023-03-25 00:00:00', NULL, 'default.png', '2', '01', '17'),
('29', 'Musisi Magidi', 'Segirinya', '0751988445', NULL, 'Katumbe Mukasa Road', NULL, 'male', 'Kampala', '2023-03-25 00:00:00', NULL, '1678278190WhatsApp Image 2023-03-07 at 12.57.08 AM (8).jpeg', '2', '01', '29'),
('19', 'lmam', 'muhammed', '0752975031', NULL, 'kitemu', 'bodaboda', 'male', 'kampala', '2023-03-25 00:00:00', NULL, '1678182526WhatsApp Image 2023-03-07 at 12.57.09 AM (1).jpeg', '2', '01', '19'),
('20', 'Nakabuye', 'Zaituni', '0756860731', NULL, 'Makyindye', 'hotel', 'male', 'kampala', '2023-03-25 00:00:00', NULL, '1678182428WhatsApp Image 2023-03-07 at 12.57.09 AM (3).jpeg', '2', '01', '20'),
('21', 'Kifubangabo', 'Amiina', '0754188380', '', 'munyonyo', 'charcoal seller', 'Male', 'kampala', '2023-03-25 00:00:00', '2023-05-19 06:00:28', '1678182340WhatsApp Image 2023-03-07 at 12.57.09 AM (5).jpeg', '2', '01', '2101'),
('22', 'Namubiru', 'mary', '0753977950', NULL, 'Masaja . B', 'Brest', 'male', 'kampala', '2023-03-25 00:00:00', NULL, 'default.png', '2', '01', '22'),
('23', 'Mugisha', 'joan', '0702008860', NULL, 'Busabara', 'bar', 'male', 'kampala', '2023-03-25 00:00:00', NULL, 'default.png', '2', '01', '23'),
('24', 'Nakityo', 'oliver', '0774717647', NULL, 'Nankulabye', 'grosscly', 'male', 'kampala', '2023-03-25 00:00:00', NULL, 'default.png', '2', '01', '24'),
('25', 'Nanteza', 'Rose', '0750922095', NULL, 'Salam road', 'clothes', 'male', 'kampala', '2023-03-25 00:00:00', NULL, 'default.png', '2', '01', '25'),
('MEM01', 'Anena', 'Sherry', '07887898978', '', '', '', 'Female', '', '2023-04-15 08:53:05', '2023-05-20 15:00:05', '2023-05-18/MEM002_1684387270.jpg', '2', '01', 'MEM/003'),
('30', 'Nabukera', 'Zaina', '07097227524', NULL, 'Natete', 'selling clothes', 'male', 'kampala', '2023-03-25 00:00:00', NULL, 'default.png', '2', '01', '30'),
('31', 'Nakyanja', 'prossy', '075061995', NULL, 'Natete', 'food seller', 'male', 'kampala', '2023-03-25 00:00:00', NULL, 'default.png', '2', '01', '31'),
('32', 'Namilimu', 'Annet', '0705181139', NULL, 'Natete central', 'Bussiness woman', 'male', 'kampala', '2023-03-25 00:00:00', NULL, 'default.png', '2', '01', '32'),
('33', 'Nasolo', 'Godfrey', '0704451090', NULL, 'wabigaro', 'bussines man', 'male', 'kampala', '2023-03-25 00:00:00', NULL, 'default.png', '2', '01', '33'),
('34', 'Namwanje', 'peace', '0756117799', NULL, 'Natete', 'clothes', 'male', 'kampala', '2023-03-25 00:00:00', NULL, 'default.png', '2', '01', '34'),
('35', 'Nabirye', 'Madina', '0754478114', NULL, 'kisane', NULL, 'male', 'kampala', '2023-03-25 00:00:00', NULL, 'default.png', '2', '01', '35'),
('36', 'Komuhangi', 'Beatrice', '0778116346', NULL, 'kibuye', 'drinks', 'male', 'kampala', '2023-03-25 00:00:00', NULL, 'default.png', '2', '01', '36'),
('37', 'Mulisa', 'Monica', '0753322064', NULL, 'old kampala', 'hotel', 'male', 'kampala', '2023-03-25 00:00:00', NULL, 'default.png', '2', '01', '37'),
('39', 'Kyoshabire', 'Hope', '0703940229', NULL, 'kasubi', 'kasubi', 'male', 'kampala', '2023-03-25 00:00:00', NULL, 'default.png', '2', '01', '39'),
('40', 'Birike', 'Annet', '0784605387', NULL, 'kisenyi', 'hotel', 'male', 'kampala', '2023-03-25 00:00:00', NULL, 'default.png', '2', '01', '40'),
('41', 'Namutebi', 'Allen', '0754544990', NULL, 'kinawa', 'grocossly', 'male', 'kampala', '2023-03-25 00:00:00', NULL, 'default.png', '2', '01', '41'),
('42', 'Test', 'Loan', NULL, NULL, NULL, NULL, 'male', 'test', '2023-03-25 00:00:00', NULL, 'default.png', '2', '01', '42'),
('43', 'Namigadde', 'Elizabeth', '0706534605', NULL, 'Makindye', 'Bussiness woman', 'male', 'kampala', '2023-03-25 00:00:00', NULL, 'default.png', '2', '01', '43'),
('44', 'Kifubangabo', 'Amiina', '0754188380', NULL, 'munyonyo', 'choarcoal seller', 'male', 'kampala', '2023-03-25 00:00:00', NULL, 'default.png', '2', '01', '44'),
('45', 'Nawabwe', 'Sarah', '0779657408', NULL, 'Kibuye', 'bussiness woman', 'male', 'kampala', '2023-03-25 00:00:00', NULL, 'default.png', '2', '01', '45'),
('46', 'Bingi', 'Shadrack', '0756628748', '', 'Maganja', 'bussiness', 'Male', 'kampala', '2023-03-25 00:00:00', '2023-04-14 06:14:09', 'default.png', '9693', '01', '46'),
('47', 'Nsiire', 'livingstone', '0751995304', NULL, 'Nateete', 'driving', 'male', 'kampala', '2023-03-25 00:00:00', NULL, 'default.png', '2', '01', '47'),
('48', 'Damulila', 'swabul', '0707938617', NULL, 'kinaawa', 'saloon', 'male', NULL, '2023-03-25 00:00:00', NULL, 'default.png', '2', '01', '48'),
('49', 'Nakabuye', 'Zaituni (2)', '0756860731', NULL, 'Nsambya', 'hotel', 'male', 'kampala', '2023-03-25 00:00:00', NULL, 'default.png', '2', '01', '49'),
('50', 'Businge', 'Ronald', '0750481239', NULL, 'kasubi', 'clothes', 'male', 'kampala', '2023-03-25 00:00:00', NULL, 'default.png', '2', '01', '50'),
('51', 'Nabwire', 'Winnie', '0773004381', NULL, 'Nsambya West', 'selling fish', 'male', 'kampala', '2023-03-25 00:00:00', NULL, 'default.png', '2', '01', '51'),
('52', 'Kibuka', 'Peter', '0700666446', NULL, 'Nsambya', 'bodaboda', 'male', 'kampala', '2023-03-25 00:00:00', NULL, 'default.png', '2', '01', '52'),
('53', 'Kiberu', 'Ismail', '0703039544', NULL, 'kabowa', 'doctor', 'male', 'kampala', '2023-03-25 00:00:00', NULL, 'default.png', '2', '01', '53'),
('54', 'Nangobi', 'joy', '0772241822', NULL, 'Kalina', 'hotel', 'male', 'kampala', '2023-03-25 00:00:00', NULL, 'default.png', '2', '01', '54'),
('55', 'Namutebi', 'prossy(2)', '0704947618', NULL, 'Bushabara', 'selling fruits', 'male', 'kampala', '2023-03-25 00:00:00', NULL, 'default.png', '2', '01', '55'),
('56', 'Ngobi', 'Idd Kawoole', '0701140701', NULL, 'Kibuli', 'textiles', NULL, 'kampala', '2023-03-25 00:00:00', NULL, 'default.png', '2', '01', '56'),
('57', 'Nambi', 'Mariam', '0759560409', NULL, 'Masanafu', 'hotel', 'male', NULL, '2023-03-25 00:00:00', NULL, 'default.png', '2', '01', '57'),
('31670470', 'Linux', 'Vado', '+256773089254', 'example@gmail.com', 'Najeera', 'Business Man', 'Male', 'Kampala', '2023-03-25 00:00:00', '2023-03-31 06:20:29', '2023-03-31/31670470_1680232829.jpg', '2', '01', '31670470'),
('7569762', 'Milly', 'Mills', '', '', '', '', 'Male', '', '2023-04-07 08:26:33', '2023-04-07 08:26:33', '2023-04-07/7569762_1680845193.jpg', '2', '01', '7569762'),
('09009', 'Gabai', 'Philda', '0706103992', 'example@gmail.com', 'Nakawa', 'Boda Boda Ryder', 'Male', 'Kampala', '2023-04-12 08:36:18', '2023-04-12 08:36:18', '2023-04-12/09009_1681277778.jpg', '9693', '01', '09009'),
('999', 'Mildred', 'Ogap', '0773980456', 'info@gmail.com', 'Jinja', 'Bar and Resturant', 'Female', 'Jinja', '2023-04-12 09:45:51', '2023-04-14 01:40:47', 'photo_', '7256', '01', '999'),
('MEM002', 'Anena', 'Sherry', '07887898978', '', '', '', 'Female', '', '2023-04-18 08:11:25', '2023-05-18 06:01:36', '2023-05-18/MEM002_1684389696.jpg', '2', '01', 'MEM/002');

-- --------------------------------------------------------

--
-- Table structure for table `expense`
--

DROP TABLE IF EXISTS `expense`;
CREATE TABLE IF NOT EXISTS `expense` (
  `id` char(10) NOT NULL,
  `exp_ac` char(10) NOT NULL,
  `expense` char(10) NOT NULL,
  `amount` int(20) NOT NULL,
  `qty` int(5) NOT NULL,
  `entry_date` date NOT NULL,
  `mop` char(20) NOT NULL,
  `acc_from` char(50) NOT NULL,
  `acc_to` char(50) NOT NULL,
  `acc_to_no` char(20) NOT NULL,
  `paid_to` char(50) NOT NULL,
  `user` char(10) NOT NULL,
  PRIMARY KEY (`id`)
) ENGINE=InnoDB DEFAULT CHARSET=latin1;

--
-- Dumping data for table `expense`
--

INSERT INTO `expense` (`id`, `exp_ac`, `expense`, `amount`, `qty`, `entry_date`, `mop`, `acc_from`, `acc_to`, `acc_to_no`, `paid_to`, `user`) VALUES
('081973', '00001/23', '1766', 100000, 1, '2023-04-08', '01', '', '', '', 'Cashier', '630280'),
('102395', '00016/22', '3442', 50000, 1, '2022-12-10', '01', '', '', '', 'Omar Cashier', '8745'),
('103832', '00016/22', '7522', 7200, 1800, '2022-12-10', '01', '', '', '', 'Omar Cashier', '8745'),
('108037', '00016/22', '4260', 100000, 1, '2022-12-10', '01', '', '', '', 'Omar Cashier', '8745'),
('108065', '00016/22', '2607', 3200, 250, '2022-12-10', '01', '', '', '', 'Omar Cashier', '8745'),
('122908', '844357-6', '4773', 1000000, 0, '2021-08-18', '01', '', '', '', 'By Management', '8745'),
('123046', '00001/21', '2962', 2000, 1, '2021-09-21', '01', '', '', '', 'Account', '8745'),
('131727', '844357-6', '3510', 500000, 0, '2021-08-18', '01', '', '', '', 'By Management', '8745'),
('146536', '501738-12', '8020', 100000, 0, '2021-08-18', 'bank', '9887647809', '', '', 'nwswc', '8745'),
('151437', '00006/21', '3991', 2500, 1, '2021-09-23', 'bank', '0999099000', '', '', 'Bank', '8745'),
('166010', '00003/22', '9644', 100000, 5, '2022-05-02', '02', '8347', '', '', 'Cashier', '8745'),
('171398', '00012/22', '6689', 25000, 1, '2022-11-17', '01', '', '', '', 'Cashier Omar', '8745'),
('173127', '00008/22', '3133', 15000, 1, '2022-11-17', '01', '', '', '', 'Shop Nasana', '8745'),
('173328', '00007/22', '8512', 562800, 10, '2022-11-23', '02', '8347', 'STB Bank', '8989890000', 'Cashier Omar', '8745'),
('174309', '00008/21', '4228', 25000, 2, '2021-09-01', '01', '', '', '', 'Shop Attendant', '8745'),
('176993', '00012/22', '7558', 10000, 1, '2022-11-17', '01', '', '', '', 'Cashier Omar', '8745'),
('179138', '00012/22', '3510', 499999, 1, '2022-11-17', '01', '', '', '', 'Cashier Omar', '8745'),
('181467', '00006/22', '2607', 3100, 100, '2022-10-26', '01', '', '', '', 'Omar Cashier', '8745'),
('230375', '00001/21', '2669', 10000, 2, '2021-09-21', '01', '', '', '', 'Account', '8745'),
('234437', '00016/21', '5869', 40000, 2, '2021-11-19', '02', '8347', '', '', '', '1396'),
('237264', '00014/22', '6689', 13500, 3, '2022-11-23', '01', '', '', '', 'Cashier', '8745'),
('238291', '00013/22', '4228', 10000, 1, '2022-11-23', '01', '', '', '', 'Teddy', '8745'),
('238544', '00015/22', '4124', 4600, 1, '2022-11-23', '01', '', 'STB Bank', '', 'Omar', '8745'),
('278242', '00017/21', '4840', 8000, 1, '2021-11-20', '01', '', '', '', 'booda', '1396'),
('283727', '263612-1', '3510', 1500000, 0, '2021-06-15', '01', '', '', '', 'Bank', ''),
('305054', '00001/22', '4773', 2500, 10, '2022-02-15', '02', '8347', '', '', '', '1088'),
('329800', '584797-11', '8020', 60000, 0, '2021-08-18', '01', '', '', '', 'nswc', '8745'),
('331439', '139454-13', '0', 15000, 0, '2021-08-20', 'mobile money', '0778975654', '', '', 'SCOVIA', '8745'),
('333266', '00019/21', '4124', 500000, 1, '2021-12-14', '01', '', '', '', 'Cashier', '1088'),
('351926', '951692-8', '1766', 500000, 0, '2021-08-18', '01', '', '', '', 'Agent', '8745'),
('370384', '00006/22', '7522', 0, 1, '2022-10-26', '01', '', '', '', 'Omar Cashier', '8745'),
('379286', '00018/21', '4228', 100000, 1, '2021-12-11', '01', '', '', '', '', '1088'),
('417947', '00012/21', '1030', 2500, 5, '2021-11-18', '02', '8347', '', '', '', '1396'),
('446181', '00009/22', '4228', 100000, 1, '2022-10-26', '01', '', '', '', 'Omar', '8745'),
('450586', '00010/21', '8020', 500000, 0, '2021-09-25', '01', '', '', '', 'karim', '1088'),
('459664', '00003/21', '4773', 2000000, 1, '2021-09-21', '01', '', '', '', 'Staff', '8745'),
('460499', '00002/22', '7558', 20000, 2, '2022-03-08', '01', '', '', '', '', '1088'),
('512747', '00002/21', '4228', 10000, 1, '2021-09-21', '01', '', '', '', 'Account', '8745'),
('525448', '00004/22', '7522', 7666, 1, '2022-10-11', '02', '8347', 'Fly Emirate General Account', '', 'Fly Emirates Carrier', '8745'),
('552053', '00008/21', '2962', 1600, 1, '2021-09-01', '01', '', '', '', 'Shop Attendant', '8745'),
('573717', '00012/21', '3991', 20000, 5, '2021-11-18', '02', '8347', '', '', '', '1396'),
('588673', '00003/22', '4124', 1000000, 1, '2022-05-02', '02', '8347', '', '', 'Cashier', '8745'),
('595543', '00010/22', '4124', 500000, 1, '2022-10-21', '01', '', '', '', 'omar', '8745'),
('601470', '00006/22', '8512', 15000, 10, '2022-10-26', '01', '', '', '', 'Omar Cashier', '8745'),
('604800', '159362-4', '1766', 500000, 0, '2021-07-01', '01', '', '', '', 'Staff', ''),
('614659', '271616-10', '4773', 5000000, 0, '2021-01-29', '01', '', '', '', 'Staff', '8745'),
('619267', '00005/21', '4773', 500000, 1, '2021-09-22', 'mobile money', '0773089235', '', '', 'General Account', '8745'),
('637665', '00008/21', '1030', 2000, 5, '2021-09-01', '01', '', '', '', 'Shop Attendant', '8745'),
('644039', '270115-3', '4773', 5000000, 0, '2021-07-15', 'bank', '90789898990', '', '', 'Bank', ''),
('644963', '00006/22', '96148', 2800, 100, '2022-10-26', '01', '', '', '', 'Omar Cashier', '8745'),
('658564', '00011/22', '7522', 7184, 1400, '2022-10-26', '01', '', '', '', 'Airport Handling', '8745'),
('661937', '00014/21', '9947', 50000, 1, '2021-11-18', '02', '8347', '', '', 'Security Guard', '1396'),
('670668', '00008/21', '8323', 20000, 1, '2021-09-01', '01', '', '', '', 'Shop Attendant', '8745'),
('672281', '00001/22', '3991', 2500, 1, '2022-02-15', '02', '8347', '', '', 'Cashier', '1088'),
('675580', '00016/21', '2962', 5000, 3, '2021-11-19', '02', '8347', '', '', '', '1396'),
('679371', '00015/21', '3510', 1500000, 1, '2021-11-01', '02', '', '', '', '', '1396'),
('691610', '00012/21', '2962', 250000, 10, '2021-11-18', '02', '8347', '', '', '', '1396'),
('719826', '263612-1', '3991', 75000, 0, '2021-06-15', '01', '', '', '', 'Bank', ''),
('738666', '00002/22', '4228', 15000, 2, '2022-03-08', '01', '', '', '', '', '1088'),
('778692', '00013/21', '4228', 350000, 1, '2021-11-18', '01', '', '', '', '', '1396'),
('780055', '00007/21', '8020', 100000, 1, '2021-09-01', '01', '', '', '', 'General', '8745'),
('783195', '00005/22', '7522', 6912, 1, '2022-10-12', '01', '', '', '', 'Entebbe Flight Attendant', '8745'),
('784492', '00005/21', '8020', 87000, 1, '2021-09-22', 'mobile money', '0773089235', '', '', 'General Account', '8745'),
('794811', '00010/21', '4773', 500000, 0, '2021-09-25', '01', '', '', '', 'karim', '1088'),
('825733', '00009/21', '1045', 25000, 5, '2021-09-25', '01', '', '', '', 'torrential petrol station', '1088'),
('836758', '00002/22', '7197', 50000, 1, '2022-03-08', '01', '', '', '', '', '1088'),
('839884', '546644-5', '9947', 1300000, 0, '2021-07-29', '01', '', '', '', 'mbiro edward from medelwest', ''),
('851563', '00007/21', '6689', 10000, 1, '2021-09-01', '01', '', '', '', 'General', '8745'),
('872156', '00006/22', '2669', 50000, 1, '2022-10-26', '01', '', '', '', 'Omar Cashier', '8745'),
('894045', '00007/21', '8794', 45000, 2, '2021-09-01', '01', '', '', '', 'General', '8745'),
('897394', '00005/21', '2669', 20000, 1, '2021-09-22', 'mobile money', '0773089235', '', '', 'General Account', '8745'),
('897676', '00006/22', '3442', 100000, 1, '2022-10-26', '01', '', '', '', 'Omar Cashier', '8745'),
('933190', '00011/21', '4840', 6000, 1, '2021-09-26', '01', '', '', '', 'omar', '1396'),
('953951', '00003/21', '2962', 10000, 1, '2021-09-24', '01', '', '', '', 'General', '8745'),
('969041', '00016/21', '9947', 25000, 1, '2021-11-19', '02', '8347', '', '', '', '1396'),
('984360', '00003/21', '4228', 24000, 2, '2021-09-24', '01', '', '', '', 'General', '8745'),
('984719', '782498-9', '6689', 100000, 0, '2021-08-18', '01', '', '', '', 'Umeme', '8745'),
('989645', '00004/21', '4773', 1500000, 1, '2021-08-31', '01', '', '', '', 'Staff', '8745');

-- --------------------------------------------------------

--
-- Table structure for table `expense_cat`
--

DROP TABLE IF EXISTS `expense_cat`;
CREATE TABLE IF NOT EXISTS `expense_cat` (
  `id` char(10) NOT NULL,
  `category` char(50) NOT NULL,
  `entry_date` date NOT NULL,
  PRIMARY KEY (`id`)
) ENGINE=InnoDB DEFAULT CHARSET=utf8mb4;

--
-- Dumping data for table `expense_cat`
--

INSERT INTO `expense_cat` (`id`, `category`, `entry_date`) VALUES
('', '', '0000-00-00'),
('1393', 'Airway Bill', '2022-09-17'),
('2268', 'Salary', '2021-12-19'),
('3689', 'Office Utilies', '2021-12-17'),
('5550', 'Kitchen Accessories', '2021-12-17'),
('5980', 'Packing Cost', '2022-09-21'),
('6584', 'Operational Expenses', '2021-12-17'),
('6877', 'Allowance', '2023-04-08');

-- --------------------------------------------------------

--
-- Table structure for table `expense_entries`
--

DROP TABLE IF EXISTS `expense_entries`;
CREATE TABLE IF NOT EXISTS `expense_entries` (
  `id` char(10) NOT NULL,
  `voucher` char(10) NOT NULL,
  `pay_date` date NOT NULL,
  `expense` char(20) NOT NULL,
  `amount` int(20) NOT NULL,
  `mop` char(10) NOT NULL,
  `staff_user` char(20) NOT NULL,
  `bank` char(50) NOT NULL,
  `account` char(50) NOT NULL,
  PRIMARY KEY (`id`)
) ENGINE=InnoDB DEFAULT CHARSET=latin1;

--
-- Dumping data for table `expense_entries`
--

INSERT INTO `expense_entries` (`id`, `voucher`, `pay_date`, `expense`, `amount`, `mop`, `staff_user`, `bank`, `account`) VALUES
('100357', 'N/A', '2018-04-03', '156579', 22000, 'cash', '', '', ''),
('105740', 'N/A', '2018-07-01', '598477', 35000, 'cash', '', '', ''),
('126037', 'N/A', '2018-03-30', '338568', 500000, 'cash', '', '', ''),
('126998', '011', '2017-12-27', '886401', 500000, 'cash', '', '', ''),
('131311', 'N/A', '2017-12-01', '598477', 35000, 'cash', '', '', ''),
('137216', 'N/A', '2018-07-03', '', 550000, 'cash', '', '', ''),
('142214', 'N/A', '2018-03-03', '585458', 900000, 'cash', '', '', ''),
('146444', 'N/A', '2018-09-07', '683868', 200000, 'cash', '', '', ''),
('148449', 'N/A', '2018-02-28', '417175', 2000000, 'cash', '', '', ''),
('156497', 'N/A', '2018-07-01', '365264', 32000, 'cash', '', '', ''),
('168060', 'N/A', '2017-12-10', '265097', 300000, 'cash', '', '', ''),
('173828', 'N/A', '2018-08-30', '371115', 300000, 'cash', '', '', ''),
('174981', 'N/A', '2018-09-07', '264932', 100000, 'cash', '', '', ''),
('222854', 'N/A', '2018-04-10', '683868', 200000, 'cash', '', '', ''),
('228018', 'N/A', '2018-05-03', '129608', 57500, 'cash', '', '', ''),
('231671', 'N/A', '2018-01-10', '265097', 300000, 'cash', '', '', ''),
('236614', 'N/A', '2017-11-30', '640884', 1100000, 'cash', '', '', ''),
('238427', 'N/A', '2017-12-10', '264932', 100000, 'cash', '', '', ''),
('241696', 'N/A', '2018-06-03', '585458', 1240000, 'cash', '', '', ''),
('249386', 'N/A', '2018-03-01', '598477', 35000, 'cash', '', '', ''),
('249743', 'N/A', '2018-08-10', '265097', 300000, 'cash', '', '', ''),
('253533', 'N/A', '2017-11-05', '264932', 100000, 'cash', '', '', ''),
('274710', 'N/A', '2018-07-10', '265097', 300000, 'cash', '', '', ''),
('295254', 'N/A', '2018-09-01', '365264', 32000, 'cash', '', '', ''),
('295913', 'N/A', '2018-03-30', '417175', 2000000, 'cash', '', '', ''),
('295996', 'N/A', '2018-07-03', '442828', 500000, 'cash', '', '', ''),
('301571', 'N/A', '2017-11-30', '338568', 500000, 'cash', '', '', ''),
('312695', 'N/A', '2018-04-10', '264932', 100000, 'cash', '', '', ''),
('320001', '010', '2017-12-15', '127740', 70000, 'cash', '', '', ''),
('328680', 'N/A', '2018-03-30', '640884', 1100000, 'cash', '', '', ''),
('334887', 'N/A', '2018-07-30', '640884', 1100000, 'cash', '', '', ''),
('338568', '021', '2018-02-21', '127740', 40000, 'cash', '', '', ''),
('356365', 'N/A', '2018-02-28', '371115', 300000, 'cash', '', '', ''),
('360980', 'N/A', '2018-09-07', '803207', 520000, 'cash', '', '', ''),
('365951', 'N/A', '2018-06-01', '365264', 32000, 'cash', '', '', ''),
('368698', 'N/A', '2018-08-01', '598477', 35000, 'cash', '', '', ''),
('375097', 'N/A', '2018-07-10', '683868', 200000, 'cash', '', '', ''),
('378338', 'N/A', '2018-06-10', '265097', 300000, 'cash', '', '', ''),
('386331', 'N/A', '2018-08-30', '338568', 500000, 'cash', '', '', ''),
('386743', 'N/A', '2018-02-28', '640884', 1100000, 'cash', '', '', ''),
('395751', 'N/A', '2017-11-01', '365264', 32000, 'cash', '', '', ''),
('398580', 'N/A', '2018-02-28', '338568', 500000, 'cash', '', '', ''),
('398855', 'N/A', '2018-06-30', '417175', 2000000, 'cash', '', '', ''),
('403414', 'N/A', '2018-06-03', '275561', 2409400, 'cash', '', '', ''),
('407260', 'N/A', '2018-04-03', '275561', 520000, 'cash', '', '', ''),
('417175', '022', '2018-02-28', '145840', 1875000, 'cash', '', '', ''),
('418603', 'N/A', '2018-04-30', '338568', 500000, 'cash', '', '', ''),
('421734', 'N/A', '2018-03-03', '638879', 750000, 'cash', '', '', ''),
('421817', 'N/A', '2018-08-03', '585458', 900000, 'cash', '', '', ''),
('425167', 'N/A', '2018-04-01', '598477', 35000, 'cash', '', '', ''),
('432006', 'N/A', '2018-01-31', '417175', 2000000, 'cash', '', '', ''),
('432611', 'N/A', '2018-04-30', '640884', 1100000, 'cash', '', '', ''),
('434725', 'N/A', '2018-01-31', '338568', 500000, 'cash', '', '', ''),
('436209', 'N/A', '2018-04-01', '365264', 32000, 'cash', '', '', ''),
('439889', 'N/A', '2017-11-05', '683868', 200000, 'cash', '', '', ''),
('443899', 'N/A', '2018-04-03', '585458', 768000, 'cash', '', '', ''),
('443981', '009', '2017-12-15', '127740', 60000, 'cash', '', '', ''),
('448156', '014', '2018-01-22', '127740', 45000, 'cash', '', '', ''),
('451205', 'N/A', '2018-09-07', '639566', 100000, 'cash', '', '', ''),
('452056', 'N/A', '2018-01-01', '598477', 35000, 'cash', '', '', ''),
('452661', 'N/A', '2018-02-10', '264932', 100000, 'cash', '', '', ''),
('452688', 'N/A', '2017-12-10', '683868', 200000, 'cash', '', '', ''),
('458923', 'N/A', '2018-07-03', '275561', 1672500, 'cash', '', '', ''),
('474166', 'N/A', '2018-04-03', '129608', 57800, 'cash', '', '', ''),
('476473', 'N/A', '2018-06-30', '371115', 300000, 'cash', '', '', ''),
('491387', 'N/A', '2018-01-31', '371115', 300000, 'cash', '', '', ''),
('492459', 'N/A', '2018-07-03', '716223', 2100000, 'cash', '', '', ''),
('500067', 'N/A', '2018-02-10', '265097', 300000, 'cash', '', '', ''),
('509350', 'N/A', '2018-09-07', '265097', 300000, 'cash', '', '', ''),
('509899', 'N/A', '2017-12-30', '417175', 2000000, 'cash', '', '', ''),
('512097', 'N/A', '2017-12-30', '640884', 1100000, 'cash', '', '', ''),
('513854', 'N/A', '2018-01-10', '264932', 100000, 'cash', '', '', ''),
('516629', 'N/A', '2018-02-10', '683868', 200000, 'cash', '', '', ''),
('531515', 'N/A', '2017-12-04', '803207', 520000, 'cash', '', '', ''),
('538848', 'N/A', '2018-07-03', '826800', 157500, 'cash', '', '', ''),
('543463', 'N/A', '2018-02-10', '639566', 100000, 'cash', '', '', ''),
('547308', 'N/A', '2017-12-30', '371115', 300000, 'cash', '', '', ''),
('563293', 'N/A', '2018-08-10', '683868', 200000, 'cash', '', '', ''),
('564144', 'N/A', '2017-11-10', '639566', 100000, 'cash', '', '', ''),
('575817', 'N/A', '2017-12-04', '', 0, 'cash', '', '', ''),
('586447', 'N/A', '2018-07-03', '620751', 253000, 'cash', '', '', ''),
('594686', 'N/A', '2018-03-01', '365264', 32000, 'cash', '', '', ''),
('597708', 'N/A', '2018-03-03', '258724', 380000, 'cash', '', '', ''),
('601086', 'N/A', '2017-11-05', '265097', 300000, 'cash', '', '', ''),
('605508', 'N/A', '2018-01-10', '683868', 200000, 'cash', '', '', ''),
('611523', '001', '2017-11-22', '127740', 42000, 'cash', '', '', ''),
('611798', 'N/A', '2018-05-10', '265097', 300000, 'cash', '', '', ''),
('612072', 'N/A', '2018-03-10', '264932', 100000, 'cash', '', '', ''),
('612402', 'N/A', '2018-03-10', '639566', 100000, 'cash', '', '', ''),
('623745', 'N/A', '2018-03-10', '683868', 200000, 'cash', '', '', ''),
('623910', 'N/A', '2018-08-03', '275561', 1656000, 'cash', '', '', ''),
('631024', 'N/A', '2018-03-03', '145840', 937000, 'cash', '', '', ''),
('632699', 'N/A', '2018-06-03', '156579', 35000, 'cash', '', '', ''),
('635665', 'N/A', '2018-08-01', '365264', 32000, 'cash', '', '', ''),
('635830', 'N/A', '2018-05-10', '683868', 200000, 'cash', '', '', ''),
('645855', '017', '2018-02-02', '145840', 1875000, 'cash', '', '', ''),
('651843', 'N/A', '2018-05-30', '338568', 500000, 'cash', '', '', ''),
('660577', 'N/A', '2018-01-03', '198712', 1700000, 'cash', '', '', ''),
('662774', 'N/A', '2018-01-04', '803207', 520000, 'cash', '', '', ''),
('665933', 'N/A', '2018-06-03', '638879', 302500, 'cash', '', '', ''),
('673019', 'N/A', '2018-08-10', '264932', 100000, 'cash', '', '', ''),
('683071', 'N/A', '2018-05-03', '803207', 1500000, 'cash', '', '', ''),
('698287', 'N/A', '2018-05-03', '301736', 3500000, 'cash', '', '', ''),
('707379', 'N/A', '2018-05-03', '', 520000, 'cash', '', '', ''),
('707543', 'N/A', '2018-06-30', '338568', 500000, 'cash', '', '', ''),
('707901', 'N/A', '2018-04-10', '639566', 100000, 'cash', '', '', ''),
('713201', 'N/A', '2018-07-03', '803207', 300000, 'cash', '', '', ''),
('713366', 'N/A', '2018-01-01', '365264', 32000, 'cash', '', '', ''),
('722457', 'N/A', '2018-03-30', '371115', 300000, 'cash', '', '', ''),
('726138', 'N/A', '2018-09-01', '598477', 35000, 'cash', '', '', ''),
('733856', 'N/A', '2018-08-30', '640884', 1100000, 'cash', '', '', ''),
('735394', 'N/A', '2018-07-03', '585458', 754000, 'cash', '', '', ''),
('737701', 'N/A', '2018-03-03', '803207', 520000, 'cash', '', '', ''),
('738442', '007', '2017-12-05', '127740', 900000, 'cash', '', '', ''),
('741848', 'N/A', '2018-04-30', '417175', 2000000, 'cash', '', '', ''),
('748742', 'N/A', '2018-04-03', '803207', 520000, 'cash', '', '', ''),
('757421', 'N/A', '2018-05-03', '803207', 520000, 'cash', '', '', ''),
('762997', 'N/A', '2018-08-03', '865994', 400000, 'cash', '', '', ''),
('763903', 'N/A', '2018-05-10', '264932', 100000, 'cash', '', '', ''),
('769204', 'N/A', '2018-08-10', '639566', 100000, 'cash', '', '', ''),
('776785', 'N/A', '2018-07-03', '258724', 305000, 'cash', '', '', ''),
('782882', 'N/A', '2018-05-03', '865994', 300000, 'cash', '', '', ''),
('788623', '020', '2018-02-19', '865994', 30000, 'cash', '', '', ''),
('793402', '042', '2018-09-10', '105438', 100000, 'cash', '', '', ''),
('794940', 'N/A', '2018-08-03', '803207', 520000, 'cash', '', '', ''),
('796231', 'N/A', '2018-05-30', '417175', 2000000, 'cash', '', '', ''),
('798345', '040', '2018-09-07', '105438', 102000, 'cash', '', '', ''),
('799774', 'N/A', '2017-11-01', '598477', 35000, 'cash', '', '', ''),
('809744', 'N/A', '2018-06-10', '639566', 100000, 'cash', '', '', ''),
('810101', 'N/A', '2018-08-30', '417175', 2000000, 'cash', '', '', ''),
('817791', '011', '2017-12-27', '886401', 500000, 'cash', '', '', ''),
('821170', '012', '2018-01-01', '886401', 300000, 'cash', '', '', ''),
('841687', 'N/A', '2018-05-30', '640884', 1100000, 'cash', '', '', ''),
('843362', 'N/A', '2017-11-04', '803207', 520000, 'cash', '', '', ''),
('848800', 'N/A', '2017-12-30', '338568', 500000, 'cash', '', '', ''),
('867916', 'N/A', '2018-05-01', '365264', 32000, 'cash', '', '', ''),
('868109', '008', '2017-11-08', '127740', 100000, 'cash', '', '', ''),
('871597', 'N/A', '2018-07-30', '338568', 500000, 'cash', '', '', ''),
('872201', 'N/A', '2018-01-03', '716223', 2100000, 'cash', '', '', ''),
('874014', 'N/A', '2018-06-03', '573703', 25200000, 'cash', '', '', ''),
('876815', 'N/A', '2018-05-10', '639566', 100000, 'cash', '', '', ''),
('877612', 'N/A', '2018-02-03', '803207', 520000, 'cash', '', '', ''),
('880303', 'N/A', '2017-11-30', '371115', 300000, 'cash', '', '', ''),
('882968', 'N/A', '2018-06-01', '598477', 35000, 'cash', '', '', ''),
('885632', '024', '2018-03-06', '410583', 15937500, 'cash', '', '', ''),
('886511', 'N/A', '2018-08-03', '803207', 520000, 'cash', '', '', ''),
('889120', 'N/A', '2018-05-03', '156579', 86000, 'cash', '', '', ''),
('895080', 'N/A', '2018-07-30', '371115', 300000, 'cash', '', '', ''),
('897579', 'N/A', '2018-05-30', '371115', 300000, 'cash', '', '', ''),
('904034', 'N/A', '2018-06-30', '640884', 1100000, 'cash', '', '', ''),
('914746', 'N/A', '2018-02-01', '598477', 35000, 'cash', '', '', ''),
('915405', 'N/A', '2018-07-03', '156579', 81000, 'cash', '', '', ''),
('917959', 'N/A', '2018-05-01', '598477', 35000, 'cash', '', '', ''),
('925073', 'N/A', '2018-06-10', '264932', 100000, 'cash', '', '', ''),
('930401', 'N/A', '2018-02-01', '365264', 32000, 'cash', '', '', ''),
('930648', 'N/A', '2018-07-10', '264932', 100000, 'cash', '', '', ''),
('934466', 'N/A', '2018-07-03', '803207', 520000, 'cash', '', '', ''),
('934548', 'N/A', '2018-06-10', '683868', 200000, 'cash', '', '', ''),
('937103', 'N/A', '2017-12-01', '365264', 32000, 'cash', '', '', ''),
('937240', 'N/A', '2018-04-30', '371115', 300000, 'cash', '', '', ''),
('939108', 'N/A', '2018-07-10', '639566', 100000, 'cash', '', '', ''),
('940042', 'N/A', '2018-06-03', '803207', 200000, 'cash', '', '', ''),
('941799', 'N/A', '2017-12-10', '639566', 100000, 'cash', '', '', ''),
('944107', 'N/A', '2018-05-01', '365264', 32000, 'cash', '', '', ''),
('947100', 'N/A', '2018-01-30', '640884', 1100000, 'cash', '', '', ''),
('948583', 'N/A', '2018-06-03', '803207', 520000, 'cash', '', '', ''),
('967453', 'N/A', '2018-01-10', '639566', 100000, 'cash', '', '', ''),
('970117', '', '2018-09-05', '398690', 200000, 'cash', '', '', ''),
('974649', 'V040', '2018-02-20', '807876', 35000, 'cash', '', '', ''),
('982037', 'N/A', '2018-03-10', '265097', 300000, 'cash', '', '', ''),
('986514', '024', '2018-05-06', '880303', 15937500, 'cash', '', '', ''),
('991156', 'N/A', '2018-04-10', '265097', 300000, 'cash', '', '', ''),
('993188', 'N/A', '2017-11-30', '417175', 2000000, 'cash', '', '', ''),
('997857', 'N/A', '2018-07-30', '417175', 2000000, 'cash', '', '', '');

-- --------------------------------------------------------

--
-- Table structure for table `expense_items`
--

DROP TABLE IF EXISTS `expense_items`;
CREATE TABLE IF NOT EXISTS `expense_items` (
  `id` char(10) NOT NULL,
  `item` char(50) NOT NULL,
  `item_desc` varchar(100) NOT NULL,
  `reg_date` date NOT NULL,
  `category` char(10) NOT NULL,
  PRIMARY KEY (`id`)
) ENGINE=InnoDB DEFAULT CHARSET=latin1;

--
-- Dumping data for table `expense_items`
--

INSERT INTO `expense_items` (`id`, `item`, `item_desc`, `reg_date`, `category`) VALUES
('1030', 'pens', 'bike', '2021-08-30', ''),
('1045', 'fuel', 'transport', '2021-09-25', ''),
('1766', 'Comission and Allowances', 'Comission', '2019-09-09', '6584'),
('2607', 'Boxes 4kg', '', '2022-09-21', '5980'),
('2669', 'Transport Cost', '', '2021-06-16', ''),
('2740', 'soap', 'soap', '2021-08-19', ''),
('2765', 'Meals & Breakfast', '', '2022-09-21', '6584'),
('2962', 'Salt', 'salt', '2021-08-19', '5550'),
('3133', 'Paper Ream', 'Used for writing', '2021-12-17', '3689'),
('3442', 'clearance agent', 'Fowziya sea shipment ', '2021-08-02', '6584'),
('3454', 'Joss', '', '2022-01-20', '2268'),
('3510', 'Rent for Premise', 'Rent Payment for Business Premise', '2019-10-02', ''),
('36340', 'Bags 8', 'Expense Packaging Cost', '2022-09-27', ''),
('38018', 'Bags 8', 'Expense Packaging Cost', '2022-09-27', ''),
('3991', 'Bank Charges', 'Bank Charges', '2019-09-01', ''),
('4124', 'Petty Cash', '', '2021-12-01', ''),
('4204', 'Travel Allowance', '', '2023-04-08', '6877'),
('4228', 'Airtime', 'Airtime costs during business transactions', '2019-10-08', ''),
('4260', 'Handling', '', '2022-09-17', '1393'),
('4513', 'Package Cost', 'Cost of Packaging a product', '2021-06-22', ''),
('4773', 'omar', 'monthly payment', '2021-06-29', '2268'),
('4840', 'transport', 'transport for moving', '2021-09-26', ''),
('50719', 'Boxes 4', 'Expense Packaging Cost', '2022-09-27', ''),
('51531', 'Box 4', 'Expense Packaging Cost', '2022-09-30', ''),
('5869', 'Inspection Fee', '', '2021-06-16', '6584'),
('62362', 'Boxes 4kg 4', 'Expense Packaging Cost', '2022-09-27', ''),
('6480', 'Staff Allowance', 'Paid out based on staff performance', '2023-04-08', '6877'),
('6614', 'Office Data', 'Internet For Company', '2021-07-06', '6584'),
('6689', 'Electricty Bill', 'Payments to handle usage of electricity ', '2021-08-18', '6584'),
('7197', 'Stationary', 'Office Equipment', '2019-10-13', ''),
('7522', 'Flight Cost', 'Cost of carrier by plane', '2022-09-17', '1393'),
('7558', 'Cooking Oil', 'cooking', '2021-09-26', '5550'),
('77096', 'Boxes Kg 4', 'Expense Packaging Cost', '2022-09-27', ''),
('8020', 'water bill', 'water', '2021-08-18', ''),
('8115', 'Strings', '', '2022-09-21', '5980'),
('8199', 'cargo', '', '2021-07-06', ''),
('8323', 'Office Utilities', 'Office Utilities', '2019-09-01', ''),
('8512', 'Sorters', 'Sorting', '2022-09-21', '6584'),
('8794', 'CHAIR', 'PLASTIC', '2021-08-19', ''),
('9236', 'Ware House', 'Ware house stock keeping charges', '2021-06-22', ''),
('92968', 'Boxes 5', 'Expense Packaging Cost', '2022-11-15', ''),
('96148', 'Bags 10', 'Expense Packaging Cost', '2022-10-04', ''),
('9644', 'Offloading Cost', '', '2021-06-16', ''),
('9947', 'security guard', 'pentagon security ltd', '2021-07-29', '');

-- --------------------------------------------------------

--
-- Table structure for table `expense_old`
--

DROP TABLE IF EXISTS `expense_old`;
CREATE TABLE IF NOT EXISTS `expense_old` (
  `id` char(10) NOT NULL,
  `expense_acc` char(10) NOT NULL,
  `category` varchar(50) NOT NULL,
  `expense` char(50) NOT NULL,
  `desc_expense` char(50) NOT NULL,
  `regDate` date NOT NULL,
  UNIQUE KEY `id` (`id`)
) ENGINE=MyISAM DEFAULT CHARSET=latin1;

--
-- Dumping data for table `expense_old`
--

INSERT INTO `expense_old` (`id`, `expense_acc`, `category`, `expense`, `desc_expense`, `regDate`) VALUES
('862313', 'E959982', 'UTILITIES', 'TOILET SERVICES', '', '2018-09-07'),
('365264', 'E959982', 'UTILITIES', 'TV SUBSCRIPTION', '', '2018-09-07'),
('598477', 'E959982', 'UTILITIES', 'ELECTRICITY', '', '2018-09-07'),
('703698', 'E959982', 'UTILITIES', 'WATER', '', '2018-09-07'),
('639566', 'E859924', 'STATIONARY', 'STATIONARY', '', '2018-09-07'),
('640884', 'E205578', 'SECURITY', 'NEW UGANDA SECURIKO LIMITED', '', '2018-09-07'),
('265097', 'E653161', 'ALLOWANCE', 'BINGI JOHN', '', '2018-09-07'),
('683868', 'E653161', 'ALLOWANCE', 'MUGENYI KENNETH', '', '2018-09-07'),
('264932', 'E653161', 'ALLOWANCE', 'NAKYENYUNE AISHA', '', '2018-09-07'),
('417175', 'E123977', 'Salaries', 'BINGI JOHN', '', '2018-09-07'),
('371115', 'E123977', 'Salaries', 'NAKYENYUNE AISHA', '', '2018-09-07'),
('338568', 'E123977', 'Salaries', 'MUGENYI KENNETH', '', '2018-09-07'),
('803207', 'E751763', 'TRANSPORT', 'TRANSPORT', '', '2018-09-21'),
('573703', 'E887445', 'LAND', 'LAND', '', '2018-09-21'),
('198712', 'E764151', 'COMPUTER', 'COMPUTER', '', '2018-09-21'),
('865994', 'E751049', 'LEGAL ', 'LEGAL', '', '2018-09-21'),
('826800', 'E497952', 'ANNUEL RETURNS', 'ANNUAL RETURNS', '', '2018-09-21'),
('156579', 'E713449', 'BANK CHARGES', 'BANK CHARGES', '', '2018-09-21'),
('275561', 'E383749', 'LAGEL /BILLIFF', 'LEGAL /BILLIFF', '', '2018-09-21'),
('129608', 'E787771', 'MOBILE MONEY CHARGES', 'MOBILE MONEY CHARGES', '', '2018-09-21'),
('638879', 'E881979', 'INCOME TAX', 'INCIME TAX', '', '2018-09-21'),
('258724', 'E996539', 'REGISTERING NEW DIRECTORS', 'REGISTERING NEW DIRECTORS', '', '2018-09-21'),
('145840', 'E662390', 'INTEREST', 'INTEREST', '', '2018-09-21'),
('295336', 'E468563', 'INTEREST', 'INTEREST', '', '2018-09-21'),
('585458', 'E977862', 'MEALS AND ALLAWENCES', 'MEALS AND ALLAWENCES', 'DIRECTORS', '2018-09-21'),
('343127', 'E373532', 'INTEREST', 'INTEREST', 'MONEY BORROWED', '2018-09-21'),
('716223', 'E593698', 'RENT', 'LANDLORD', 'RENT FROM JULY 2018 TO DECEMBER 2018', '2018-09-21'),
('442828', 'E951138', 'AUDITORS', 'JOHN FISHER', 'MITYANA', '2018-09-21'),
('620751', 'E204232', 'CERTIFICATE ', 'BRIAN, RICHARD', 'GOOD CONDUCT', '2018-09-21'),
('301736', 'E911010', 'COTRIBUTION', 'ANTHONY', 'WEDDING', '2018-09-21'),
('127740', 'E739761', 'COMMISSION', 'BR0KERS', '2% COMMISSION', '2018-09-24'),
('886401', 'E203573', 'SYSTEMS', 'SYSTEM INSTOLOTATION', 'SYSTEM', '2018-09-24'),
('880303', 'E867422', 'LOAN/ MONEY BORROWED', 'BEATRICE GAGABUSA', 'BEATRICE', '2018-09-24'),
('105438', 'E484109', 'COMPUTERISED IT SOLUTIONS', 'STAFF', 'MEALS', '2018-09-24'),
('410583', 'E942843', 'LOAN', 'MONEY BORROWED', 'BEATRICE', '2018-09-25'),
('458456', 'E413165', 'LEGAL', 'STRAIGHT BAILIFFS AND AUCTIONEERS', 'DEFULTER', '2018-09-25'),
('676150', 'E476831', 'SALARIES', 'NAKYENYUNE AISHA', 'MONTHLY', '2018-10-18'),
('112908', 'E476831', 'SALARIES', 'MUGENYI KENNETH', 'MONTHLY', '2018-10-18'),
('411764', 'E476831', 'SALARIES', 'BINGI JOHN', 'MONTHLY', '2018-10-18'),
('298110', 'E235461', 'RENT', 'LANDLORD', '', '2018-10-18'),
('486361', 'E812847', 'TRANSPORT', 'FIELD', 'MONTHLY', '2018-10-18'),
('649563', 'E322802', 'ALLOWANCE', 'STAFF', 'MONTHLY', '2018-10-18'),
('657638', 'E927435', 'LEGAL EXPENSECES', 'STRAIGHT BAILIFFS AND AUCTIONEERS', 'RECOVERY', '2018-10-18'),
('352383', 'E148229', 'BETTY CASH', 'WATER', '', '2018-10-18'),
('222470', 'E541046', 'MEETING EXPENSES', 'MEALS AND TRANSPORT', 'MONTHLY', '2018-10-18'),
('188055', 'E278445', 'SECURITY', 'NEW UGANDA SECURIKO LIMITED', '', '2018-10-18'),
('727731', 'E278445', 'SECURITY', 'MONTHLY', '', '2018-10-18'),
('852838', 'E849624', 'BANK CHARGES', 'WITHDROWALS', '', '2018-10-18'),
('570297', 'E849624', 'BANK CHARGES', 'MOBILE MONEY CHARGES', '', '2018-10-18'),
('696777', 'E849624', 'BANK CHARGES', 'BANK', '', '2018-10-18');

-- --------------------------------------------------------

--
-- Table structure for table `header_tpl`
--

DROP TABLE IF EXISTS `header_tpl`;
CREATE TABLE IF NOT EXISTS `header_tpl` (
  `id` char(10) NOT NULL,
  `company_details` varchar(100) NOT NULL,
  `address` varchar(100) NOT NULL,
  `contacts` char(50) NOT NULL,
  `website` char(50) NOT NULL,
  `email` varchar(100) NOT NULL,
  `location` char(50) NOT NULL,
  `entry_date` date NOT NULL,
  `photo` varchar(100) NOT NULL,
  `tin_no` char(20) NOT NULL,
  PRIMARY KEY (`id`)
) ENGINE=InnoDB DEFAULT CHARSET=latin1;

--
-- Dumping data for table `header_tpl`
--

INSERT INTO `header_tpl` (`id`, `company_details`, `address`, `contacts`, `website`, `email`, `location`, `entry_date`, `photo`, `tin_no`) VALUES
('47389', 'GEP Finance', 'P.O Box 102027,  WAKISO NANSANA - UGANDA', '+256780480226', 'www.gepfinance.com', 'info@gepfinance.com', 'GWANDA SHOPPING MALL', '2020-01-20', '2023-05-22/_1684771270.PNG', '1018466416');

-- --------------------------------------------------------

--
-- Table structure for table `loan_adjusts`
--

DROP TABLE IF EXISTS `loan_adjusts`;
CREATE TABLE IF NOT EXISTS `loan_adjusts` (
  `id` char(10) NOT NULL,
  `loan` char(20) NOT NULL,
  `client` char(20) NOT NULL,
  `entry_date` date NOT NULL,
  PRIMARY KEY (`id`)
) ENGINE=InnoDB DEFAULT CHARSET=latin1;

--
-- Dumping data for table `loan_adjusts`
--

INSERT INTO `loan_adjusts` (`id`, `loan`, `client`, `entry_date`) VALUES
('391492162', '369658', '40', '2023-04-03');

-- --------------------------------------------------------

--
-- Table structure for table `loan_entries`
--

DROP TABLE IF EXISTS `loan_entries`;
CREATE TABLE IF NOT EXISTS `loan_entries` (
  `id` bigint(20) UNSIGNED NOT NULL,
  `client` char(10) CHARACTER SET utf8mb4 COLLATE utf8mb4_bin NOT NULL,
  `date_entry` date DEFAULT NULL,
  `loan_amount` decimal(10,2) NOT NULL,
  `remarks` text COLLATE utf8mb4_unicode_ci,
  `status` char(2) COLLATE utf8mb4_unicode_ci NOT NULL DEFAULT '0',
  `created_at` timestamp NULL DEFAULT NULL,
  `interest` int(3) NOT NULL,
  `duration` char(5) COLLATE utf8mb4_unicode_ci NOT NULL,
  `period` int(3) NOT NULL,
  `user` char(10) COLLATE utf8mb4_unicode_ci NOT NULL,
  `modify_date` datetime DEFAULT NULL,
  `loan_officer` char(10) COLLATE utf8mb4_unicode_ci NOT NULL,
  `loan_fees` int(15) NOT NULL,
  PRIMARY KEY (`id`)
) ENGINE=MyISAM DEFAULT CHARSET=utf8mb4 COLLATE=utf8mb4_unicode_ci;

--
-- Dumping data for table `loan_entries`
--

INSERT INTO `loan_entries` (`id`, `client`, `date_entry`, `loan_amount`, `remarks`, `status`, `created_at`, `interest`, `duration`, `period`, `user`, `modify_date`, `loan_officer`, `loan_fees`) VALUES
(10, '6', '2023-02-14', '500000.00', NULL, '02', '2023-03-07 18:11:07', 20, 'day', 30, '', NULL, '0000', 0),
(11, '7', '2023-02-14', '400000.00', NULL, '02', '2023-03-07 18:15:29', 20, 'day', 30, '', NULL, '0000', 0),
(9, '5', '2023-02-13', '200000.00', NULL, '02', '2023-03-07 18:07:28', 20, 'day', 30, '', NULL, '0000', 0),
(7, '4', '2023-02-11', '400000.00', NULL, '02', '2023-03-06 18:37:13', 20, 'day', 30, '', NULL, '0000', 0),
(12, '8', '2023-02-17', '100000.00', NULL, '02', '2023-03-07 18:19:02', 20, 'day', 30, '', NULL, '0000', 0),
(13, '9', '2023-02-20', '200000.00', 'paid on 22nd and never paid on 23rd but money for 22nd captured on 23rd since on 24th feb paid two days at once, the 2nd march paid 6000 and amount not captured since the fixed payment is 8000.', '02', '2023-03-07 18:21:10', 20, 'day', 30, '', NULL, '0000', 0),
(14, '10', '2023-02-21', '1000000.00', NULL, '00', '2023-03-07 18:24:47', 20, 'day', 30, '', NULL, '0000', 0),
(15, '11', '2023-02-23', '200000.00', NULL, '02', '2023-03-07 18:26:39', 20, 'day', 30, '', NULL, '0000', 0),
(16, '12', '2023-02-23', '500000.00', NULL, '02', '2023-03-07 18:28:26', 20, 'day', 30, '', NULL, '0000', 0),
(17, '13', '2023-02-24', '600000.00', NULL, '02', '2023-03-07 18:30:48', 20, 'day', 30, '', NULL, '0000', 0),
(19, '15', '2023-02-27', '200000.00', NULL, '02', '2023-03-07 18:37:41', 20, 'day', 30, '', NULL, '0000', 0),
(20, '16', '2023-02-28', '200000.00', NULL, '02', '2023-03-07 18:40:01', 20, 'day', 30, '', NULL, '0000', 0),
(46, '46', '2023-03-11', '300000.00', NULL, '03', '2023-03-11 18:36:51', 20, 'day', 30, '', '2023-04-10 03:40:56', '0000', 0),
(22, '29', '2023-02-28', '200000.00', NULL, '00', '2023-03-08 20:28:32', 20, 'day', 30, '', NULL, '0000', 0),
(23, '19', '2023-03-01', '200000.00', NULL, '02', '2023-03-08 20:53:25', 20, 'day', 30, '', NULL, '0000', 0),
(24, '21', '2023-03-01', '100000.00', NULL, '02', '2023-03-08 21:00:45', 20, 'day', 30, '', NULL, '0000', 0),
(25, '22', '2023-03-01', '150000.00', NULL, '02', '2023-03-08 21:09:43', 20, 'day', 30, '', NULL, '0000', 0),
(26, '23', '2023-03-02', '500000.00', NULL, '03', '2023-03-08 21:15:09', 20, 'day', 30, '', '2023-04-01 08:46:00', '0000', 0),
(27, '24', '2023-03-03', '300000.00', NULL, '02', '2023-03-08 21:18:56', 20, 'day', 30, '', NULL, '0000', 0),
(28, '25', '2023-03-04', '250000.00', NULL, '02', '2023-03-08 21:25:31', 20, 'day', 30, '', NULL, '0000', 0),
(29, '14', '2023-02-27', '100000.00', NULL, '02', '2023-03-08 22:35:51', 20, 'day', 30, '', NULL, '0000', 0),
(30, '20', '2023-03-01', '100000.00', NULL, '02', '2023-03-08 22:44:09', 20, 'day', 30, '', NULL, '0000', 0),
(31, '17', '2023-02-28', '1000000.00', NULL, '00', '2023-03-08 23:03:50', 20, 'day', 30, '', NULL, '0000', 0),
(32, '41', '2023-03-09', '250000.00', NULL, '02', '2023-03-09 22:20:05', 20, 'day', 30, '', NULL, '0000', 0),
(33, '40', '2023-03-08', '200000.00', NULL, '02', '2023-03-09 22:23:48', 20, 'day', 30, '', NULL, '0000', 0),
(34, '37', '2023-03-08', '200000.00', NULL, '02', '2023-03-09 22:26:04', 20, 'day', 30, '', NULL, '0000', 0),
(35, '38', '2023-03-08', '200000.00', NULL, '01', '2023-03-09 22:29:12', 20, 'day', 30, '', NULL, '0000', 0),
(36, '37', '2023-03-07', '200000.00', NULL, '02', '2023-03-09 22:30:57', 20, 'day', 30, '', NULL, '0000', 0),
(37, '36', '2023-03-07', '250000.00', NULL, '00', '2023-03-09 22:32:31', 20, 'day', 30, '', NULL, '27347811', 15000),
(38, '35', '2023-03-07', '400000.00', NULL, '02', '2023-03-09 22:34:15', 20, 'day', 30, '', NULL, '0000', 0),
(39, '34', '2023-03-07', '2500000.00', NULL, '02', '2023-03-09 22:36:09', 20, 'day', 30, '', NULL, '0000', 0),
(40, '33', '2023-03-07', '250000.00', NULL, '02', '2023-03-09 22:37:49', 20, 'day', 30, '', NULL, '0000', 0),
(41, '32', '2023-03-07', '200000.00', NULL, '02', '2023-03-09 22:39:30', 20, 'day', 30, '', NULL, '0000', 0),
(42, '31', '2023-03-06', '200000.00', NULL, '02', '2023-03-09 22:41:51', 20, 'day', 30, '', NULL, '0000', 0),
(43, '30', '2023-03-06', '200000.00', NULL, '02', '2023-03-09 22:43:21', 20, 'day', 30, '', NULL, '0000', 0),
(44, '26', '2023-03-06', '300000.00', NULL, '00', '2023-03-09 22:45:06', 20, 'day', 30, '', NULL, '0000', 0),
(45, '42', '2023-03-10', '400000.00', NULL, '02', '2023-03-10 20:26:44', 20, 'day', 30, '', NULL, '0000', 0),
(47, '45', '2023-03-10', '200000.00', NULL, '02', '2023-03-11 18:38:56', 20, 'day', 30, '', NULL, '0000', 0),
(48, '44', '2023-03-10', '500000.00', NULL, '02', '2023-03-11 18:43:24', 20, 'day', 30, '', NULL, '0000', 0),
(52, '43', '2023-03-10', '300000.00', NULL, '02', '2023-03-15 16:26:08', 20, 'day', 30, '', NULL, '0000', 0),
(50, '47', '2023-03-10', '300000.00', NULL, '02', '2023-03-11 18:52:16', 20, 'day', 30, '', NULL, '0000', 0),
(53, '53', '2023-03-15', '500000.00', NULL, '00', '2023-03-15 19:23:00', 20, 'day', 30, '', NULL, '0000', 0),
(54, '52', '2023-03-15', '150000.00', NULL, '00', '2023-03-15 19:24:41', 20, 'day', 30, '', NULL, '0000', 0),
(55, '54', '2023-03-14', '400000.00', NULL, '02', '2023-03-15 19:32:11', 20, 'day', 30, '', NULL, '0000', 0),
(56, '50', '2023-03-14', '500000.00', NULL, '02', '2023-03-15 19:34:03', 20, 'day', 30, '', NULL, '0000', 0),
(57, '51', '2023-03-13', '500000.00', NULL, '02', '2023-03-15 19:35:27', 20, 'day', 30, '', NULL, '0000', 0),
(58, '49', '2023-03-13', '250000.00', NULL, '02', '2023-03-15 19:37:08', 20, 'day', 30, '', NULL, '0000', 0),
(59, '48', '2023-03-13', '400000.00', NULL, '02', '2023-03-15 19:40:06', 20, 'day', 30, '', NULL, '0000', 0),
(60, '57', '2023-03-16', '150000.00', NULL, '02', '2023-03-16 23:00:04', 20, 'day', 30, '', NULL, '0000', 0),
(61, '56', '2023-03-16', '500000.00', NULL, '02', '2023-03-16 23:02:19', 20, 'day', 30, '', NULL, '0000', 0),
(62, '55', '2023-03-16', '400000.00', NULL, '00', '2023-03-16 23:04:16', 20, 'day', 30, '', NULL, '0000', 0),
(63, '42', '2023-03-20', '400000.00', NULL, '00', '2023-03-20 18:45:47', 20, 'day', 30, '', NULL, '0000', 0),
(65, '58', '2023-04-01', '100000.00', NULL, '00', '2023-03-28 08:18:35', 20, 'day', 30, '', NULL, '0000', 0),
(1947163, 'MEM002', '2023-03-20', '100000.00', '', '00', '2023-04-18 23:20:30', 20, 'day', 30, '630280', NULL, '0000', 0),
(1227313, '999', '2023-04-12', '500000.00', '', '02', '2023-04-11 21:00:00', 20, 'day', 30, '5705', NULL, '0000', 0),
(1381738, '40', '2023-04-10', '600000.00', '', '00', '2023-04-12 21:00:00', 20, 'day', 30, '630280', NULL, '0000', 0),
(1926448, '09009', '2023-04-16', '360000.00', '', '03', '2023-04-19 00:05:53', 20, 'day', 30, '2839', '2023-05-24 04:25:00', '0000', 0),
(2056195, '31670470', '2023-05-15', '50000.00', '', '02', '2023-05-20 10:43:43', 20, 'day', 30, '630280', NULL, '0000', 0),
(2114887, 'MEM002', '2023-05-16', '100000.00', '', '02', '2023-05-21 05:08:28', 20, 'day', 7, '630280', NULL, '0000', 0),
(2456237, 'MEM01', '2023-05-15', '500000.00', '', '02', '2023-05-24 02:11:53', 20, 'day', 30, '8745', NULL, '0000', 0),
(2452668, '31670470', '2023-05-23', '250000.00', '', '02', '2023-05-24 12:01:03', 20, 'day', 30, '630280', NULL, '0000', 0),
(2524809, '46', '2023-05-25', '500000.00', '', '03', '2023-05-25 00:16:05', 20, 'day', 30, '630280', NULL, '0000', 0),
(2669131, '7', '2023-05-01', '100000.00', '', '00', '2023-05-26 10:35:25', 20, 'day', 30, '630280', NULL, '0000', 0),
(1568931, 'MEM002', '2023-06-15', '100000.00', '', '02', '2023-06-15 06:31:51', 20, 'day', 30, '630280', NULL, '0000', 0),
(1746657, '48', '2023-01-17', '500000.00', '', '01', '2023-06-17 10:00:54', 20, 'day', 30, '630280', NULL, '0000', 0),
(2796800, 'MEM002', '2023-06-05', '500000.00', '', '02', '2023-06-27 12:20:27', 20, 'day', 30, '8745', NULL, '27347811', 0),
(2740321, '10', '2023-06-19', '100000.00', '', '02', '2023-06-27 14:32:19', 20, 'day', 30, '8745', NULL, '12473492', 0),
(2847455, '46', '2023-06-28', '660000.00', 'Over Due Loan', '02', '2023-06-28 14:39:09', 20, 'day', 30, '8745', NULL, '0000', 0),
(2954878, '09009', '2023-05-24', '162200.00', 'Over Due Loan', '00', '2023-06-29 01:25:52', 20, 'day', 30, '8745', NULL, '0000', 0),
(2963396, '46', '2023-06-29', '208000.00', 'Over Due Loan', '02', '2023-06-29 00:16:36', 20, 'day', 30, '8745', NULL, '27347811', 10000),
(2934995, 'MEM01', '2023-06-25', '250000.00', '', '02', '2023-06-29 06:18:08', 20, 'day', 7, '8745', NULL, '27862809', 0),
(3016128, '36', '2023-06-30', '200000.00', '', '00', '2023-06-30 06:43:50', 20, 'day', 30, '8745', NULL, '27347811', 10000),
(2486419, 'MEM01', '2023-10-24', '550000.00', '', '00', '2023-10-24 06:01:39', 20, 'day', 30, '630280', NULL, '8169', 20000),
(2096413, '40', '2023-10-20', '252000.00', 'expired', '02', '2023-10-20 10:34:21', 20, 'day', 30, '630280', NULL, '27862809', 0),
(1992495, '40', '2023-07-19', '300000.00', '', '03', '2023-07-19 11:59:04', 20, 'day', 30, '630280', '2023-08-19 13:27:00', '27862809', 15000),
(1976251, '29', '2023-07-19', '150000.00', '', '00', '2023-07-19 11:59:36', 20, 'day', 30, '630280', NULL, '27862809', 10000),
(1979714, '23', '2023-07-19', '5020000.00', '', '00', '2023-07-19 12:00:19', 20, 'day', 7, '630280', NULL, '27862809', 50000),
(2014107, '23', '2023-04-01', '600000.00', 'Over Due Loan', '03', '2023-07-20 05:46:20', 20, 'day', 30, '630280', '2023-05-05 08:47:00', '0000', 0),
(2096693, '23', '2023-05-05', '720000.00', 'Over Due Loan', '03', '2023-07-20 05:47:47', 20, 'day', 30, '630280', '2023-06-04 08:48:00', '0000', 0),
(2011733, '23', '2023-06-04', '864000.00', 'Over Due Loan', '03', '2023-07-20 05:49:24', 20, 'day', 30, '630280', '2023-07-04 08:50:00', '0000', 0),
(2094771, '23', '2023-07-04', '1036800.00', 'Over Due Loan', '02', '2023-07-20 05:51:07', 20, 'day', 30, '630280', NULL, '0000', 0),
(2427915, 'MEM002', '2023-10-24', '550550.00', '', '01', '2023-10-24 05:58:26', 20, 'day', 30, '630280', NULL, '9787', 20000),
(2457084, '16', '2023-10-24', '100000.00', '', '00', '2023-10-24 09:31:19', 20, 'day', 30, '630280', NULL, '27347811', 10000),
(2067543, '39', '2024-01-02', '500000.00', '', '00', '2024-01-20 09:06:16', 20, 'day', 30, '630280', NULL, '86711', 15000),
(3012778, '53', '2023-12-01', '200000.00', '', '00', '2024-01-30 00:15:52', 20, 'day', 30, '630280', NULL, '8169', 10000),
(2057686, '52', '2024-01-20', '200000.00', '', '00', '2024-01-20 02:45:57', 20, 'day', 30, '8745', NULL, '8169', 10000);

-- --------------------------------------------------------

--
-- Table structure for table `loan_entries_2`
--

DROP TABLE IF EXISTS `loan_entries_2`;
CREATE TABLE IF NOT EXISTS `loan_entries_2` (
  `id` char(10) NOT NULL,
  `loan_amount` int(20) NOT NULL,
  `interest` int(3) NOT NULL,
  `duration` char(10) NOT NULL,
  `period` int(3) NOT NULL,
  `date_entry` date NOT NULL,
  `status` char(2) NOT NULL,
  `client` char(20) NOT NULL,
  `overdue_status` char(2) NOT NULL,
  PRIMARY KEY (`id`)
) ENGINE=InnoDB DEFAULT CHARSET=latin1;

--
-- Dumping data for table `loan_entries_2`
--

INSERT INTO `loan_entries_2` (`id`, `loan_amount`, `interest`, `duration`, `period`, `date_entry`, `status`, `client`, `overdue_status`) VALUES
('218945', 150000, 20, 'day', 5, '2023-03-30', '00', '38', '00'),
('310651806', 206667, 20, 'day', 5, '2023-04-03', '01', '40', ''),
('3142989', 100000, 20, 'day', 5, '2023-03-25', '01', '42', '01'),
('314514', 1500000, 10, 'month', 3, '2023-03-01', '01', '41', '00'),
('3151364', 100000, 20, 'day', 8, '2023-03-31', '01', '31670470', '00'),
('369658', 200000, 20, 'day', 5, '2023-03-20', '01', '40', '01'),
('482839', 500000, 20, 'day', 30, '2023-03-01', '01', '4', '01'),
('665939', 100000, 20, 'day', 30, '2023-03-07', '01', '41', '00');

-- --------------------------------------------------------

--
-- Table structure for table `loan_fees`
--

DROP TABLE IF EXISTS `loan_fees`;
CREATE TABLE IF NOT EXISTS `loan_fees` (
  `id` char(5) NOT NULL,
  `class_limit` int(15) NOT NULL,
  `fees` int(15) NOT NULL,
  `date_entry` datetime NOT NULL,
  PRIMARY KEY (`id`)
) ENGINE=MyISAM DEFAULT CHARSET=latin1;

--
-- Dumping data for table `loan_fees`
--

INSERT INTO `loan_fees` (`id`, `class_limit`, `fees`, `date_entry`) VALUES
('0001', 200000, 10000, '2023-06-30 08:03:04'),
('0002', 500000, 15000, '2023-06-30 08:03:04'),
('0003', 2000000, 20000, '2023-06-30 08:04:32'),
('0004', 5000000, 30000, '2023-06-30 08:04:32'),
('0005', 5000001, 50000, '2023-06-30 08:06:51'),
('0000', 1, 0, '2023-07-18 16:52:04');

-- --------------------------------------------------------

--
-- Table structure for table `loan_guarantor`
--

DROP TABLE IF EXISTS `loan_guarantor`;
CREATE TABLE IF NOT EXISTS `loan_guarantor` (
  `id` char(11) NOT NULL,
  `guarantor` char(50) NOT NULL,
  `gender` char(6) NOT NULL,
  `email` varchar(100) NOT NULL,
  `residence` char(50) NOT NULL,
  `occupation` char(50) NOT NULL,
  `loan` char(10) NOT NULL,
  `contacts` char(20) NOT NULL,
  PRIMARY KEY (`id`)
) ENGINE=InnoDB DEFAULT CHARSET=latin1;

--
-- Dumping data for table `loan_guarantor`
--

INSERT INTO `loan_guarantor` (`id`, `guarantor`, `gender`, `email`, `residence`, `occupation`, `loan`, `contacts`) VALUES
('11888592', '', '', '', '', '', '1124467', ''),
('12769368763', '', '', '', '', '', '1227313', ''),
('15757210422', '', '', '', '', '', '1568931', ''),
('17169567933', '', '', '', '', '', '1746657', ''),
('18391634', '', '', '', '', '', '1847056', ''),
('18888961', '', '', '', '', '', '1811276', ''),
('19170861870', '', '', '', '', '', '1926448', ''),
('19446739', '', '', '', '', '', '1976251', ''),
('19677805', '', '', '', '', '', '1992495', ''),
('19913493838', '', '', '', '', '', '1947163', ''),
('19989558', '', '', '', '', '', '1979714', ''),
('205655', '', '', '', '', '', '2024413', ''),
('20672183171', '', '', '', '', '', '2056195', ''),
('20847762', '', '', '', '', '', '2057686', ''),
('20871394', '', '', '', '', '', '2067543', ''),
('21152007546', '', '', '', '', '', '2114887', ''),
('24167754681', '', '', '', '', '', '2452668', ''),
('24725301', '', '', '', '', '', '2486419', ''),
('24750951749', '', '', '', '', '', '2456237', ''),
('24751559', '', '', '', '', '', '2427915', ''),
('24790930', '', '', '', '', '', '2410415', ''),
('25480212219', '', '', '', '', '', '2524809', ''),
('2558604468', '', '', '', '', '', '218945', ''),
('26550062506', '', '', '', '', '', '2669131', ''),
('27387755944', '', '', '', '', '', '2796800', ''),
('27443270756', '', '', '', '', '', '2740321', ''),
('281187', '', '', '', '', '', '2847455', ''),
('289216', '', '', '', '', '', '2524809', ''),
('298306', '', '', '', '', '', '2954878', ''),
('29996754', 'Jellyman Awinyo', 'Male', 'workusent@gmail.com', 'Najeera', 'Business Man', '2934995', '0756000111'),
('30659222', 'Jellyman Awinyo', 'Male', 'example@gmail.com', 'Najeera', 'Accountant', '3016128', '0701131890'),
('30816591', '', '', '', '', '', '3012778', ''),
('31341885651', 'Jellyman Awinyo', 'Male', 'example@gmail.com', 'Najeera', 'Teacher', '3151364', '07887898978'),
('31538525689', 'Jellyman Awinyo', '', '', '', '', '3142989', ''),
('3229674752', '', '', '', '', '', '314514', ''),
('3624533529', '', '', '', '', '', '369658', ''),
('4483649965', 'Jellyman Awinyo', 'Male', 'example@gmail.com', 'Najeera', 'Business Man', '482839', '07887898978'),
('6827260760', '', '', '', '', '', '665939', ''),
('7152350068', '', '', '', '', '', '710380', '');

-- --------------------------------------------------------

--
-- Table structure for table `loan_overdue`
--

DROP TABLE IF EXISTS `loan_overdue`;
CREATE TABLE IF NOT EXISTS `loan_overdue` (
  `id` char(10) NOT NULL,
  `loan` char(10) NOT NULL,
  `due_amount` int(15) NOT NULL,
  `due_date` datetime NOT NULL,
  `entry_date` datetime NOT NULL,
  PRIMARY KEY (`id`)
) ENGINE=MyISAM DEFAULT CHARSET=latin1;

--
-- Dumping data for table `loan_overdue`
--

INSERT INTO `loan_overdue` (`id`, `loan`, `due_amount`, `due_date`, `entry_date`) VALUES
('22301017', '10', 5160000, '2023-10-30 00:00:00', '2023-10-30 07:29:23'),
('73301052', '11', 4128000, '2023-10-30 00:00:00', '2023-10-30 07:29:23'),
('29301032', '9', 2072000, '2023-10-30 00:00:00', '2023-10-30 07:29:23'),
('68301031', '7', 4176000, '2023-10-30 00:00:00', '2023-10-30 07:29:23'),
('80301060', '12', 1020000, '2023-10-30 00:00:00', '2023-10-30 07:29:24'),
('45301011', '13', 2016000, '2023-10-30 00:00:00', '2023-10-30 07:29:24'),
('67301087', '15', 1992000, '2023-10-30 00:00:00', '2023-10-30 07:29:24'),
('20301084', '16', 4980000, '2023-10-30 00:00:00', '2023-10-30 07:29:24'),
('68301083', '17', 5952000, '2023-10-30 00:00:00', '2023-10-30 07:29:24'),
('92301063', '19', 1960000, '2023-10-30 00:00:00', '2023-10-30 07:29:24'),
('24301068', '20', 1952000, '2023-10-30 00:00:00', '2023-10-30 07:29:24'),
('74301020', '23', 1944000, '2023-10-30 00:00:00', '2023-10-30 07:29:24'),
('32301094', '24', 972000, '2023-10-30 00:00:00', '2023-10-30 07:29:24'),
('31301047', '25', 1458000, '2023-10-30 00:00:00', '2023-10-30 07:29:25'),
('98301043', '27', 2892000, '2023-10-30 00:00:00', '2023-10-30 07:29:25'),
('88301030', '28', 2400000, '2023-10-30 00:00:00', '2023-10-30 07:29:25'),
('60301029', '29', 980000, '2023-10-30 00:00:00', '2023-10-30 07:29:25'),
('49301035', '30', 972000, '2023-10-30 00:00:00', '2023-10-30 07:29:25'),
('58301016', '32', 2350000, '2023-10-30 00:00:00', '2023-10-30 07:29:25'),
('44301049', '33', 1888000, '2023-10-30 00:00:00', '2023-10-30 07:29:25'),
('12301041', '34', 1888000, '2023-10-30 00:00:00', '2023-10-30 07:29:25'),
('14301021', '35', 1888000, '2023-10-30 00:00:00', '2023-10-30 07:29:25'),
('99301064', '36', 1896000, '2023-10-30 00:00:00', '2023-10-30 07:29:25'),
('46301076', '38', 3792000, '2023-10-30 00:00:00', '2023-10-30 07:29:25'),
('46301026', '39', 23700000, '2023-10-30 00:00:00', '2023-10-30 07:29:26'),
('39301029', '40', 2370000, '2023-10-30 00:00:00', '2023-10-30 07:29:26'),
('69301090', '41', 1896000, '2023-10-30 00:00:00', '2023-10-30 07:29:26'),
('74301094', '42', 1904000, '2023-10-30 00:00:00', '2023-10-30 07:29:26'),
('83301089', '43', 1904000, '2023-10-30 00:00:00', '2023-10-30 07:29:26'),
('14301098', '45', 3744000, '2023-10-30 00:00:00', '2023-10-30 07:29:26'),
('87301068', '47', 1872000, '2023-10-30 00:00:00', '2023-10-30 07:29:26'),
('68301051', '48', 4680000, '2023-10-30 00:00:00', '2023-10-30 07:29:26'),
('90301047', '52', 2808000, '2023-10-30 00:00:00', '2023-10-30 07:29:26'),
('46301010', '50', 2808000, '2023-10-30 00:00:00', '2023-10-30 07:29:26'),
('48301089', '55', 3680000, '2023-10-30 00:00:00', '2023-10-30 07:29:26'),
('52301058', '56', 4600000, '2023-10-30 00:00:00', '2023-10-30 07:29:27'),
('82301097', '58', 2310000, '2023-10-30 00:00:00', '2023-10-30 07:29:27'),
('16301025', '59', 3696000, '2023-10-30 00:00:00', '2023-10-30 07:29:27'),
('93301032', '60', 1278000, '2023-10-30 00:00:00', '2023-10-30 07:29:27'),
('59301046', '61', 4240000, '2023-10-30 00:00:00', '2023-10-30 07:29:27'),
('76301062', '62', 3548000, '2023-10-30 00:00:00', '2023-10-30 07:29:27'),
('23301080', '1227313', 3940000, '2023-10-30 00:00:00', '2023-10-30 07:29:27'),
('42301089', '2056195', 306000, '2023-10-30 00:00:00', '2023-10-30 07:29:27'),
('52301010', '2114887', 2862881, '2023-10-30 00:00:00', '2023-10-30 07:29:27'),
('84301013', '2456237', 3280000, '2023-10-30 00:00:00', '2023-10-30 07:29:27'),
('25301017', '2452668', 1600000, '2023-10-30 00:00:00', '2023-10-30 07:29:27'),
('40301050', '1568931', 548000, '2023-10-30 00:00:00', '2023-10-30 07:29:27'),
('17301043', '1746657', 5720000, '2023-10-30 00:00:00', '2023-10-30 07:29:28'),
('72301028', '2796800', 2940000, '2023-10-30 00:00:00', '2023-10-30 07:29:28'),
('80301065', '2740321', 532000, '2023-10-30 00:00:00', '2023-10-30 07:29:28'),
('32301010', '2847455', 3273600, '2023-10-30 00:00:00', '2023-10-30 07:29:28'),
('84301039', '2963396', 1023360, '2023-10-30 00:00:00', '2023-10-30 07:29:28'),
('48301060', '2934995', 5442839, '2023-10-30 00:00:00', '2023-10-30 07:29:28'),
('80301069', '2094771', 4893696, '2023-10-30 00:00:00', '2023-10-30 07:29:28');

-- --------------------------------------------------------

--
-- Table structure for table `loan_payments`
--

DROP TABLE IF EXISTS `loan_payments`;
CREATE TABLE IF NOT EXISTS `loan_payments` (
  `id` char(10) NOT NULL,
  `amount_paid` int(20) NOT NULL,
  `pay_date` date NOT NULL,
  `user` char(20) NOT NULL,
  `client` char(20) NOT NULL,
  `loan` char(20) NOT NULL,
  `receipt_no` char(15) NOT NULL,
  `date_entry` datetime DEFAULT NULL,
  `modify_date` datetime DEFAULT NULL,
  `status` char(2) NOT NULL,
  `preferred_mop` char(4) NOT NULL,
  `pay_acc` char(20) NOT NULL,
  PRIMARY KEY (`id`)
) ENGINE=InnoDB DEFAULT CHARSET=latin1;

--
-- Dumping data for table `loan_payments`
--

INSERT INTO `loan_payments` (`id`, `amount_paid`, `pay_date`, `user`, `client`, `loan`, `receipt_no`, `date_entry`, `modify_date`, `status`, `preferred_mop`, `pay_acc`) VALUES
('0187783', 8000, '2023-11-01', '630280', '53', '3135557', '11-213875/23', '2023-11-01 04:13:00', NULL, '', '', ''),
('0915786', 100000, '2023-07-20', '630280', '40', '1992495', '09-086807/23', '2023-08-09 21:36:00', NULL, '', '', ''),
('0915824', 240000, '2023-07-30', '630280', '36', '3016128', '09-083564/23', '2023-08-09 16:22:00', NULL, '', '', ''),
('0923645', 65000, '2023-08-09', '630280', '29', '1976251', '09-088375/23', '2023-08-09 16:01:00', NULL, '', '', ''),
('0932798', 300000, '2023-03-29', '630280', '36', '37', '09-086829/23', '2023-08-09 16:20:00', NULL, '', '', ''),
('0933272', 20000, '2023-08-05', '630280', '29', '1976251', '09-087135/23', '2023-08-09 14:56:00', NULL, '', '', ''),
('0957155', 50000, '2023-08-01', '630280', '40', '1992495', '09-081138/23', '2023-08-09 21:37:00', NULL, '', '', ''),
('0962986', 6024000, '2023-07-26', '630280', '23', '1979714', '5143/23', '2023-08-09 13:27:00', NULL, '', '', ''),
('0981008', 45000, '2023-07-26', '630280', '29', '1976251', '1034/23', '2023-08-09 13:42:00', NULL, '', '', ''),
('0986489', 50000, '2023-08-03', '630280', '29', '1976251', '09-085113/23', '2023-08-09 14:11:00', NULL, '', '', ''),
('1321174881', 160000, '2023-04-14', '', '53', '53', '', NULL, NULL, '', '', ''),
('1431891', 50000, '2023-11-07', '630280', '53', '3135557', '12-292789/23', '2023-12-14 14:20:00', NULL, '', '', ''),
('1441308', 8000, '2023-11-02', '630280', '53', '3135557', '12-186827/23', '2023-12-14 14:18:00', NULL, '', '', ''),
('1471414', 8000, '2023-11-03', '630280', '53', '3135557', '12-890672/23', '2023-12-14 14:20:00', NULL, '', '', ''),
('1536145', 15000, '2023-11-15', '630280', '53', '3135557', '12-591600/23', '2023-12-15 14:56:00', NULL, '', '8347', '0008908900'),
('18290792', 35000, '2023-05-08', '', '09009', '1926448', '0001/23', '2023-05-18 04:33:00', NULL, '', '', ''),
('1841898668', 10000, '2023-05-05', '', '09009', '1926448', '', NULL, NULL, '', '', ''),
('18538553', 50000, '2023-04-04', '', '42', '63', '0001/23', '2023-05-18 04:13:00', NULL, '', '', ''),
('18549382', 16000, '2023-04-14', '', '42', '63', '707/23', '2023-05-18 04:53:00', NULL, '', '', ''),
('18678364', 50000, '2023-05-06', '', '09009', '1926448', '0001/23', '2023-05-18 04:11:00', NULL, '', '', ''),
('18688728', 50000, '2023-04-10', '', '999', '1227313', '0001/23', '2023-05-18 04:18:00', NULL, '', '', ''),
('18759423', 10000, '2023-05-10', '', '09009', '1926448', '0001/23', '2023-05-18 04:50:00', NULL, '', '', ''),
('2036233', 160000, '2024-01-08', '630280', '39', '2067543', '01-935989/24', '2024-01-20 12:09:00', NULL, '', '', ''),
('2042238', 120000, '2023-11-02', '630280', '16', '2457084', '01-657749/24', '2024-01-20 11:47:00', NULL, '', '', ''),
('2044558', 160000, '2024-01-12', '630280', '39', '2067543', '01-907593/24', '2024-01-20 12:09:00', NULL, '', '', ''),
('2081997', 240000, '2024-01-20', '630280', '52', '2057686', '01-645499/24', '2024-01-20 12:05:00', NULL, '', '', ''),
('2091081', 280000, '2024-01-18', '630280', '39', '2067543', '01-508476/24', '2024-01-20 12:09:00', NULL, '', '', ''),
('21355176', 1200000, '2023-03-20', '', '10', '14', '699/23', '2023-05-21 08:04:00', NULL, '', '', ''),
('23272555', 240000, '2023-03-24', '', '29', '22', '756/23', '2023-05-23 05:39:00', NULL, '', '', ''),
('23380411', 30000, '2023-05-23', '', '31670470', '2056195', '137/23', '2023-05-23 05:35:00', '2023-05-26 13:53:00', '', '', ''),
('2345083', 15000, '2023-04-21', '', '09009', '1926448', '5104/23', '2023-05-23 13:46:00', NULL, '', '', ''),
('2393690', 10000, '2023-05-12', '', '09009', '1926448', '7661/23', '2023-05-23 13:49:00', NULL, '', '', ''),
('2418397', 80000, '2023-05-24', '', 'MEM01', '2456237', '9820/23', '2023-05-24 05:12:00', NULL, '', '', ''),
('243425854', 720000, '2023-05-02', '', '40', '1381738', '', NULL, NULL, '', '', ''),
('2490800', 95000, '2023-04-09', '', '46', '46', '4312/23', '2023-05-24 04:16:00', NULL, '', '', ''),
('2533194', 20000, '2023-05-25', '630280', '46', '2524809', '8967/23', '2023-05-25 03:16:00', NULL, '', '', ''),
('2563519', 160000, '2023-04-15', '630280', '42', '63', '2815/23', '2023-05-25 02:05:00', '2023-05-25 02:28:00', '', '', ''),
('2590569', 64000, '2023-04-19', '630280', '42', '63', '4671/23', '2023-05-25 02:39:00', '2023-05-25 02:47:00', '', '', ''),
('265068290', 700000, '2023-04-02', '', '17', '31', '', NULL, NULL, '', '', ''),
('2658264', 120000, '2023-05-18', '630280', '7', '2669131', '3761/23', '2023-05-26 13:36:00', '2023-05-26 13:52:00', '', '', ''),
('281742558', 500000, '2023-03-25', '', '17', '31', '', NULL, NULL, '', '', ''),
('2918071', 95000, '2023-06-20', '8745', '09009', '2954878', '3301/23', '2023-06-29 07:10:00', NULL, '', '', ''),
('2943999', 120000, '2023-04-19', '8745', 'MEM002', '1947163', '2646/23', '2023-06-29 07:30:00', NULL, '', '', ''),
('2949620', 260000, '2023-11-20', '630280', 'MEM01', '2486419', '01-344727/24', '2024-01-29 11:52:00', NULL, '', '', ''),
('2961877', 100000, '2023-05-30', '8745', '09009', '2954878', '9246/23', '2023-06-29 07:07:00', NULL, '', '', ''),
('2972367', 400000, '2023-11-16', '630280', 'MEM01', '2486419', '01-362968/24', '2024-01-29 11:52:00', NULL, '', '', ''),
('3033576', 100000, '2023-12-22', '630280', '53', '3012778', '01-282606/24', '2024-01-30 03:40:00', NULL, '', '', ''),
('3033685', 10000, '2023-03-16', '5705', '50', '56', '01-518936/24', '2024-01-30 10:52:00', NULL, '', '01', ''),
('3045124', 10000, '2023-03-16', '5705', '50', '56', '01-930835/24', '2024-01-30 10:52:00', NULL, '', '01', ''),
('3057733', 380000, '2023-03-29', '630280', '55', '62', '01-692184/24', '2024-01-30 04:07:00', NULL, '', '01', ''),
('3092538', 20000, '2023-12-31', '630280', '53', '3012778', '01-820967/24', '2024-01-30 03:40:00', NULL, '', '', ''),
('3095818', 120000, '2023-12-11', '630280', '53', '3012778', '01-320898/24', '2024-01-30 03:40:00', NULL, '', '', ''),
('3163040', 10000, '2023-10-31', '630280', '09009', '3045314', '10-650792/23', '2023-10-31 13:08:00', NULL, '', '', ''),
('316754418', 100000, '2023-04-01', '', '53', '53', '', NULL, NULL, '', '', ''),
('329430574', 90000, '2023-03-23', '', '53', '53', '', NULL, NULL, '', '', ''),
('332420975', 50000, '2023-04-03', '', '53', '53', '', NULL, NULL, '', '', ''),
('346213863', 90000, '2023-04-01', '', '57', '60', '', NULL, NULL, '', '', ''),
('351717350', 70000, '2023-04-07', '', '53', '53', '', NULL, NULL, '', '', ''),
('353608186', 50000, '2023-03-18', '', '53', '53', '', NULL, NULL, '', '', ''),
('354855388', 190000, '2023-04-01', '', '42', '63', '', NULL, NULL, '', '', ''),
('356963565', 90000, '2023-03-28', '', '52', '54', '', NULL, NULL, '', '', ''),
('379678207', 80000, '2023-04-16', '', '999', '1227313', '', NULL, NULL, '', '', ''),
('382131158', 120000, '2023-03-03', '', 'MEM002', '1947163', '', NULL, NULL, '', '', ''),
('398060650', 80000, '2023-04-09', '', '53', '53', '', NULL, NULL, '', '', ''),
('398989913', 320000, '2023-04-01', '', '56', '61', '', NULL, NULL, '', '', ''),
('420980849', 50000, '2023-04-25', '', '09009', '1926448', '', NULL, NULL, '', '', ''),
('436684509', 10000, '2023-04-21', '', '09009', '1926448', '', NULL, NULL, '', '', ''),
('442942916', 15000, '2023-04-17', '', '09009', '1926448', '', NULL, NULL, '', '', ''),
('446358352', 10000, '2023-05-23', '', '09009', '1926448', '', NULL, NULL, '', '', ''),
('449390182', 10000, '2023-04-30', '', '09009', '1926448', '', NULL, NULL, '', '', ''),
('459129206', 100000, '2023-04-27', '', '09009', '1926448', '', NULL, NULL, '', '', ''),
('468608017', 50000, '2023-04-28', '', '09009', '1926448', '', NULL, NULL, '', '', ''),
('473732513', 10000, '2023-04-22', '', '09009', '1926448', '', NULL, NULL, '', '', ''),
('620397898', 20000, '2023-03-27', '', '42', '3142989', '', NULL, NULL, '', '', ''),
('639886329', 36000, '2023-03-31', '', '38', '218945', '', NULL, NULL, '', '', ''),
('670048882', 144000, '2023-04-04', '', '38', '218945', '', NULL, NULL, '', '', ''),
('670160270', 30000, '2023-03-12', '', '41', '665939', '', NULL, NULL, '', '', ''),
('738517375', 50000, '2023-03-12', '', '26', '44', '', NULL, NULL, '', '', ''),
('741718259', 200000, '2023-04-07', '', '46', '46', '', NULL, NULL, '', '', ''),
('766044831', 120000, '2023-04-02', '', '58', '65', '', NULL, NULL, '', '', ''),
('767144328', 100000, '2023-03-27', '', '26', '44', '', NULL, NULL, '', '', ''),
('776270350', 100000, '2023-03-26', '', '55', '62', '', NULL, NULL, '', '', ''),
('779103453', 25000, '2023-03-08', '', '26', '44', '', NULL, NULL, '', '', ''),
('782742207', 50000, '2023-03-20', '', '26', '44', '', NULL, NULL, '', '', ''),
('796358038', 135000, '2023-04-05', '', '26', '44', '', NULL, NULL, '', '', '');

-- --------------------------------------------------------

--
-- Table structure for table `loan_security`
--

DROP TABLE IF EXISTS `loan_security`;
CREATE TABLE IF NOT EXISTS `loan_security` (
  `id` char(10) NOT NULL,
  `security` char(50) NOT NULL,
  `value` int(20) NOT NULL,
  `type` char(30) NOT NULL,
  `serial_no` char(50) NOT NULL,
  `desc` varchar(100) NOT NULL,
  `loan` char(20) NOT NULL,
  PRIMARY KEY (`id`)
) ENGINE=InnoDB DEFAULT CHARSET=latin1;

--
-- Dumping data for table `loan_security`
--

INSERT INTO `loan_security` (`id`, `security`, `value`, `type`, `serial_no`, `desc`, `loan`) VALUES
('1113297', '', 0, '', '', '', '1124467'),
('1265923', '', 0, '', '', '', '1227313'),
('1525388', '', 0, '', '', '', '1568931'),
('1735931', '', 0, '', '', '', '1746657'),
('1844024', '', 0, '', '', '', '1811276'),
('1852886', '', 0, '', '', '', '1847056'),
('1915649', '', 0, '', '', '', '1926448'),
('1948145', '', 0, '', '', '', '1979714'),
('1957741', '', 0, '', '', '', '1947163'),
('1959524', '', 0, '', '', '', '1992495'),
('1999003', '', 0, '', '', '', '1976251'),
('2037875', 'Boda Boda', 2500000, 'Log Book', '', '', '2056195'),
('2086835', '', 0, '', '', '', '2057686'),
('2095040', '', 0, '', '', '', '2067543'),
('2133067', '', 0, '', '', '', '2114887'),
('2432656', '', 0, '', '', '', '2410415'),
('2451723', '', 0, '', '', '', '2486419'),
('2475902', '', 0, '', '', '', '2452668'),
('2494756', '', 0, '', '', '', '2427915'),
('2497228', '', 0, '', '', '', '2456237'),
('2550277', '', 0, '', '', '', '2524809'),
('2692957', '', 0, '', '', '', '2669131'),
('2725842', '', 0, '', '', '', '2796800'),
('2765029', '', 0, '', '', '', '2740321'),
('290458', '', 0, '', '', '', '218945'),
('2943301', 'Boda Boda', 1800000, 'Log Book', 'UAJ - 254', 'Log Book', '2934995'),
('3022713', 'SUV Vehicle', 25000000, 'Log Book', 'UAH 590', 'Log Book', '3016128'),
('3063535', '', 0, '', '', '', '3012778'),
('3124199', 'Boda Boda', 0, '', 'UAH 590', '', '3142989'),
('3126727', 'Boda Boda', 3500000, '', 'UAJ - 254', 'Log Book', '3151364'),
('352448', '', 0, '', '', '', '369658'),
('361197', '', 0, '', '', '', '314514'),
('445407', 'Boda Boda', 2800000, 'Log Book', 'UAJ - 254', 'Log Book', '482839'),
('698528', '', 0, '', '', '', '665939'),
('786123', '', 0, '', '', '', '710380');

-- --------------------------------------------------------

--
-- Table structure for table `mop`
--

DROP TABLE IF EXISTS `mop`;
CREATE TABLE IF NOT EXISTS `mop` (
  `id` char(2) NOT NULL,
  `name` char(20) NOT NULL,
  UNIQUE KEY `id` (`id`)
) ENGINE=MyISAM DEFAULT CHARSET=latin1;

--
-- Dumping data for table `mop`
--

INSERT INTO `mop` (`id`, `name`) VALUES
('01', 'Cash'),
('02', 'Bank'),
('03', 'Mobile Money');

-- --------------------------------------------------------

--
-- Table structure for table `mop_accounts`
--

DROP TABLE IF EXISTS `mop_accounts`;
CREATE TABLE IF NOT EXISTS `mop_accounts` (
  `id` char(10) NOT NULL,
  `acc_name` char(50) NOT NULL,
  `acc_branch` char(50) NOT NULL,
  `acc_no` char(20) NOT NULL,
  `mop` char(10) NOT NULL,
  `entry_date` date NOT NULL,
  PRIMARY KEY (`id`)
) ENGINE=InnoDB DEFAULT CHARSET=utf8mb4;

--
-- Dumping data for table `mop_accounts`
--

INSERT INTO `mop_accounts` (`id`, `acc_name`, `acc_branch`, `acc_no`, `mop`, `entry_date`) VALUES
('0000', 'Cash', 'Cash', '', '01', '2022-05-03'),
('4622', 'MTN', 'MTN', '+256 774 345 543', '03', '2021-09-24'),
('8347', 'General Account', 'Stanbic Bank', '9030018502244', '02', '2021-09-24'),
('95992', 'Aaa Savin', 'Stanbic', '9030018602244', '02', '2024-01-20');

-- --------------------------------------------------------

--
-- Table structure for table `staff`
--

DROP TABLE IF EXISTS `staff`;
CREATE TABLE IF NOT EXISTS `staff` (
  `id` char(15) NOT NULL,
  `staff_no` char(20) NOT NULL,
  `first_name` char(50) NOT NULL,
  `last_name` char(50) NOT NULL,
  `contacts` char(15) NOT NULL,
  `email` varchar(100) NOT NULL,
  `residance` char(50) NOT NULL,
  `job` char(50) NOT NULL,
  `reg_date` date NOT NULL,
  `gender` char(10) NOT NULL,
  `status` char(2) NOT NULL,
  `nok` char(50) NOT NULL,
  `nok_contacts` char(20) NOT NULL,
  `branch_id` char(10) NOT NULL,
  PRIMARY KEY (`id`)
) ENGINE=InnoDB DEFAULT CHARSET=latin1;

--
-- Dumping data for table `staff`
--

INSERT INTO `staff` (`id`, `staff_no`, `first_name`, `last_name`, `contacts`, `email`, `residance`, `job`, `reg_date`, `gender`, `status`, `nok`, `nok_contacts`, `branch_id`) VALUES
('0000', '', '', '', '', '', '', '', '2023-06-30', '', '', '', '', ''),
('11436272', '11436272', 'Hillary', 'Jones', '0773089254', 'workusent@gmail.com', 'Najeera', '7237', '2023-04-11', 'Male', '01', 'Peter', '0773089678', '2'),
('12327282', '12327282', 'Daily', 'Show', '0703106992', 'obacheisaac@gmail.com', 'Najeera', '7234', '2023-04-12', 'Female', '01', 'Naliwongi', '0773454545', '2'),
('12473492', '12473492', 'Milly', 'Opec', '0772090989', 'example@gmail.com', 'Nakawa', '0001', '2023-04-12', 'Female', '01', 'Jane', '0703456776', '7256'),
('27347811', '27347811', 'Vado', 'Mava', '+256773089254', 'example@gmail.com', 'Nakawa', '0001', '2023-06-27', 'Male', '01', '0773034345', '0703456776', '2'),
('27862809', 'GEP001', 'Mike', 'Mukasa', '0759880356', 'workusent@gmail.com', 'Kusota', '4708', '2023-06-27', 'Male', '00', 'Mr. Hillary', '0773089254', '2'),
('411325', '411325', 'Diddy', 'Dede', '', '', '', '4113', '2018-09-21', 'Male', '01', '', '', '2'),
('8169', '8169', 'Mis vado', '', '+256773089254', 'indeedsolutionsinfo@gmail.com', 'Ntinda Nakawa', '0001', '2023-10-24', 'Male', '01', 'Mr. Hillary', '0773089254', '2'),
('86711', 'ST23456', 'Oneil', 'Mata', '+256773089254', 'example@gmail.com', 'Ntinda Nakawa', '0001', '2023-10-31', 'Male', '01', 'Mr. Hillary', '0703456776', '9693'),
('87727', 'ST23001', 'Dammy', 'Dammy', '+256773089254', 'example@gmail.com', 'Ntinda Nakawa', '0001', '2023-11-01', 'Female', '01', 'Mr. Hillary', '0703456776', '2');

-- --------------------------------------------------------

--
-- Table structure for table `staff_job`
--

DROP TABLE IF EXISTS `staff_job`;
CREATE TABLE IF NOT EXISTS `staff_job` (
  `id` char(10) NOT NULL,
  `job_title` char(50) NOT NULL,
  `date_created` datetime NOT NULL,
  PRIMARY KEY (`id`)
) ENGINE=MyISAM DEFAULT CHARSET=latin1;

--
-- Dumping data for table `staff_job`
--

INSERT INTO `staff_job` (`id`, `job_title`, `date_created`) VALUES
('0001', 'Loan Officer', '2023-06-27 15:27:46'),
('4708', 'Finance and Accounting', '2023-06-27 16:55:20'),
('7237', 'Data Clerk', '2023-06-27 17:12:55'),
('7234', 'Director', '2023-06-27 17:22:03'),
('0000', '', '2023-06-27 17:26:30'),
('4113', 'Administrator', '2023-06-27 17:28:44');

-- --------------------------------------------------------

--
-- Table structure for table `user_log`
--

DROP TABLE IF EXISTS `user_log`;
CREATE TABLE IF NOT EXISTS `user_log` (
  `id` char(10) NOT NULL,
  `staff` char(20) NOT NULL,
  `usr_name` char(50) NOT NULL,
  `pass_wrd` char(40) NOT NULL,
  `usr_type` char(20) NOT NULL,
  `log_date` datetime DEFAULT NULL,
  `action_status` char(2) NOT NULL,
  `date_set` datetime NOT NULL,
  `user_branch` char(10) NOT NULL,
  PRIMARY KEY (`id`)
) ENGINE=MyISAM DEFAULT CHARSET=latin1;

--
-- Dumping data for table `user_log`
--

INSERT INTO `user_log` (`id`, `staff`, `usr_name`, `pass_wrd`, `usr_type`, `log_date`, `action_status`, `date_set`, `user_branch`) VALUES
('5293', '11436272', 'Data', '202cb962ac59075b964b07152d234b70', 'data_clerk', '2024-01-20 08:24:00', '01', '2023-04-14 08:15:27', '2'),
('9208', '12473492', 'Milly', '202cb962ac59075b964b07152d234b70', 'admin', '2023-04-14 16:52:00', '01', '2023-04-13 21:32:06', '2'),
('5705', '11436272', 'Jones', '202cb962ac59075b964b07152d234b70', 'data_clerk', '2024-01-30 10:48:00', '01', '2023-04-12 09:44:06', '7256'),
('630280', '0005', 'Admin', '202cb962ac59075b964b07152d234b70', 'admin', '2024-01-30 09:43:00', '01', '2019-02-06 00:00:00', '2'),
('8711', '11436272', 'MD', '202cb962ac59075b964b07152d234b70', 'director', '2023-04-19 08:51:00', '01', '2023-04-19 08:37:00', '00010'),
('5551', '86711', 'Oneil', '202cb962ac59075b964b07152d234b70', 'data_clerk', '2024-01-20 08:24:00', '01', '2023-11-07 20:04:56', '9693');
COMMIT;

/*!40101 SET CHARACTER_SET_CLIENT=@OLD_CHARACTER_SET_CLIENT */;
/*!40101 SET CHARACTER_SET_RESULTS=@OLD_CHARACTER_SET_RESULTS */;
/*!40101 SET COLLATION_CONNECTION=@OLD_COLLATION_CONNECTION */;
